供应商名称,是否在合格供应商库,库内覆盖类别,库内物料数,库内物料示例,历史采购次数,最近采购流水号,最近采购日期,采购物料种类
3M,是,生产耗材,1,深层过滤,0,,,0
CELLON,是,生产耗材,7,1000ml PC Pharma Tainer non irradinted; 500ml PC Pharma Tainer non irradinted; 500ml PC pharma Tainer non irradinted; 样品瓶,0,,,0
Copyright Polyplus Transfection,是,原材料,1,PEIPro-GMP转染试剂,0,,,0
Corning Incorporated,是,生产耗材,1,细胞筛（40um）,0,,,0
Corning Incorporated - Life Sciences,是,生产耗材,3,T150 细胞培养瓶; T75细胞培养瓶; 移液管50ml,0,,,0
Corning Incorporated-Life Sciences,是,生产耗材,4,FLASK，ERLENMEYER，1000ML，43mm，W/Vent，CAP，S，IND，1/25; FLASK，Erl，250ml，38mm Vent，PC，S，Ind，1/50; PIPETTE，2ML，PPW，PS，S，IND，50BA; VIAL，2.0ML，RB，SS，EXP，PP，S，BK,0,,,0
Cytiva,是,"原材料, 生产耗材, 辅料",3,CaptoTM Core 700; WFI QUALITY WATER; 淋巴细胞分离液,0,,,0
DOW CHEMICAL PACIFIC LIMITED,是,原材料,1,消泡剂,0,,,0
Datwyler Pharma Packaging Belgium NV,是,包装材料,4,SERUM STOPPER涂膜溴化丁基胶塞; 铝塑组合盖,0,,,0
Elitecell Biomedical Corp,是,原材料,1,人血小板裂解物,0,,,0
GenScript PROBIO,是,原材料,1,pAB401-BsaI-Linear,0,,,0
Gibco,是,生产耗材,1,Trpan Blue Stain（0.4%）,0,,,0
JK BAKER,是,原材料,1,葡萄糖,0,,,0
Life Technoiolges part of Thermo Fisher Scientific,是,原材料,1,血清替代物SR,0,,,0
Merck,是,原材料,11,乙酸钾; 无水乙醇; 氨丁三醇; 氯化钠; 浓氨溶液,0,,,0
Miltenyi Biotec B.V. & Co. KG,是,生产耗材,1,冻存袋50ml,0,,,0
Oxoid,是,原材料,1,酵母粉,0,,,0
PALL Corporation,是,生产耗材,2,2.5m2100KD超滤膜包; 3K OMEGA CENTRASETTE T-SERIES 0.5m²/5.38ft²,0,,,0
Sigma-Aldrich,是,原材料,1,消泡剂SE-15,0,,,0
Solabia,是,原材料,1,大豆蛋白胨,0,,,0
StemCell,是,原材料,1,抗体激活剂,0,,,0
Thermo Fisher,是,生产耗材,2,100L配液桶; 10mL Serological Pipette,0,,,0
Thermofisher-Gibco,是,原材料,1,Opti-MEM培养基,0,,,0
biolife solutions,是,原材料,1,冻存液,0,,,0
上海乐纯生物技术有限公司,是,生产耗材,3,500ml PC Pharma Tainer non irradinted; 样品瓶; 热塑管,0,,,0
上海亮黑科技有限公司,是,生产耗材,5,10L储液袋; 20L储液袋; Single-Use Bag,0,,,0
上海优宁维生物科技股份有限公司,是,原材料,2,PEIPro-GMP转染试剂; 淋巴细胞分离液,0,,,0
上海倍谙基生物科技有限公司,是,原材料,1,293细胞无血清培养基,0,,,0
上海倍锦生物科技有限公司,是,原材料,1,293细胞无血清培养基,0,,,0
上海华雅思创生物科技有限公司,否,,0,,20,202507020023,2025-07-02,6
上海多宁生物科技股份有限公司,是,生产耗材,3,250ml细胞培养瓶; Single-Use Bag,0,,,0
上海奥浦迈生物科技有限公司,是,原材料,2,OPM-293 CD05 培养基,0,,,0
上海思而净洁净科技有限公司,否,,0,,1,202512010011,2025-12-01,1
上海源培生物科技股份有限公司,是,原材料,1,293Pro®CD293M无血清培养基，无动物源,0,,,0
上海百赛生物技术股份有限公司北京分公司,是,生产耗材,3,T150 细胞培养瓶; T75细胞培养瓶; 细胞筛（40um）,20,202603270016,2026-03-27,12
上海迈邦生物科技有限公司,是,原材料,2,HEK293 MaxD,0,,,0
东莞富怡互联网医院有限公司,是,"原材料, 辅料",2,氯化钠注射液; 注射用重组人白介素-2,8,202507140005,2025-07-14,2
中仪环科（北京）科技有限公司,否,,0,,1,202603090012,2026-03-09,1
中博瑞康(嘉兴)生物医疗器械有限公司,是,生产耗材,1,冻存袋,0,,,0
中因,是,原材料,1,枸橼酸钠,0,,,0
中国太平洋财产保险股份有限公司,否,,0,,1,202604100008,2026-04-10,1
中国食品药品检定研究院,否,,0,,1,202602270002,2026-02-27,1
中山康天晟合生物技术有限公司,是,原材料,2,Wayne293培养基,0,,,0
中峤科技有限公司,否,,0,,3,202604080012,2026-04-08,2
中生华美（北京）科学器材有限公司,是,生产耗材,2,PIPETTE，2ML，PPW，PS，S，IND，50BA; 血清移液管,0,,,0
中科易方国际健康管理（北京）有限公司,是,,0,,3,202605060006,2026-05-06,3
为度生物,否,,0,,4,202505150015,2025-05-15,4
京东,否,,0,,199,202506230010,2025-06-23,140
京东ICERS自营旗舰店,否,,0,,1,202605220009,2026-05-22,1
京东自营,否,,0,,1,202510180002,2025-10-18,1
京东鱼跃京东自营旗舰店,否,,0,,1,202605060003,2026-05-06,1
京东鱼跃自营旗舰店,否,,0,,1,202605220009,2026-05-22,1
伊诺凯,否,,0,,1,202507240009,2025-07-24,1
全式金,否,,0,,2,202604150006,2026-04-15,1
北京万隆和科技有限公司,否,,0,,1,202507230011,2025-07-23,1
北京东山泽科贸有限责任公司,是,生产耗材,1,中空纤维,0,,,0
北京中研华誉生物技术有限公司,否,,0,,14,202512030009,2025-12-03,9
北京众和绿达净化技术有限公司,否,,0,,3,202510270006,2025-10-27,3
北京信至利达商贸有限公司,否,,0,,3,202507210015,2025-07-21,3
北京全式金生物技术股份有限公司,否,,0,,4,202602130005,2026-02-13,1
北京凤礼精求医药股份有限公司,是,辅料,1,泊洛沙姆188（P188）,0,,,0
北京双鹭药业股份有限公司,是,原材料,1,注射用重组人白介素-2,0,,,0
北京同立海源生物科技有限公司,是,原材料,4,AMMS®NK无血清培养基; 抗人CD3单克隆抗体,4,202512180007,2025-12-18,4
北京堽平科技发展有限公司,是,"原材料, 生产耗材",2,杜氏磷酸盐缓冲液（DPBS）; 细胞冻存管,0,,,0
北京安杰诺科技有限公司,否,,0,,7,202601260004,2026-01-26,6
北京宏祥恒泰科技有限公司,是,原材料,1,治疗用细胞冷冻保护剂,0,,,0
北京希凯创新科技有限公司,是,原材料,1,大豆蛋白胨,0,,,0
北京康鑫诺生物科技有限公司,否,,0,,2,202510110012,2025-10-11,2
北京建强伟业科技有两公司,是,辅料,1,WFI QUALITY WATER,0,,,0
北京建强伟业科技有限公司,是,"原材料, 辅料",3,一水合磷酸二氢钠; 甘油; 磷酸氢二钠十二水合物,5,202504250012,2025-04-25,2
北京旷博生物技术股份有限公司,否,,0,,5,202603310021,2026-03-31,5
北京晋纯科技有限公司,是,生产耗材,1,深层过滤,0,,,0
北京普凯瑞生物科技有限公司,是,生产耗材,1,细胞冻存管,0,,,0
北京智杰方远科技有限公司,否,,0,,24,202507010014,2025-07-01,7
北京林萘生物科技有限公司,否,,0,,35,202602130005,2026-02-13,5
北京泽平科技有限责任公司,是,"原材料, 生产耗材",3,2.5m2100KD超滤膜包; 3K OMEGA CENTRASETTE T-SERIES 0.5m²/5.38ft²; 葡萄糖,0,,,0
北京浩扬亿达生物科技有限公司,是,生产耗材,2,Sterile Capsuie,0,,,0
北京经科宏达生物技术有限公司,是,"原材料, 生产耗材",4,100L配液桶; Nunc离心管; 杜氏磷酸盐缓冲液（DPBS）,0,,,0
北京英联创新生物科技有限公司,否,,0,,1,202507220001,2025-07-22,1
北京贞玉民生药业有限公司,是,原材料,1,乙醇,0,,,0
北京赛泰克生物科技有限公司,是,生产耗材,3,VIAL，2.0ML，RB，SS，EXP，PP，S，BK; 冻存袋50ml; 移液管50ml,4,202507240005,2025-07-24,1
北京达科为生物技术有限公司,是,原材料,6,CIK细胞无血清培养基; CIK细胞诱导培养试剂盒; SuperGrow®细胞培养添加物; 人外周血淋巴分离液; 人血小板裂解物,5,202603240020,2026-03-24,2
北京逸优科技有限公司,否,,0,,1,202509020002,2025-09-02,1
北京钎铧科技,否,,0,,3,202509260014,2025-09-26,3
北京高博医院有限公司,是,原材料,6,PBMC; 单采血; 慢病毒,0,,,0
北京麦格珀尔生物科技有限公司,是,原材料,2,冻存液; 抗体激活剂,1,202510220002,2025-10-22,1
北京鼎盛兴创生物科技有限公司,否,,0,,1,202509120010,2025-09-12,1
十济民医院（东莞）有限公司,否,,0,,2,202604130002,2026-04-13,2
华荣泰（北京）科技有限公司,是,生产耗材,1,100KD膜包,0,,,0
南京三生生物技术股份有限公司,是,原材料,1,治疗用细胞冷冻保护剂,0,,,0
南京化学试剂股份有限公司,是,原材料,8,依地酸二钠; 氢氧化钠; 氯化钠; 磷酸二氢钠二水合物; 磷酸氢二钠十二水合物,0,,,0
南京金斯瑞生物科技有限公司,否,,0,,2,202509100008,2025-09-10,1
博格隆 (上海 )生物技术有限公司,是,生产耗材,2,DEAE Bestarose FF,0,,,0
厦门赛诺邦格生物科技股份有限公司,否,,0,,13,202508270007,2025-08-27,13
友康厚德生物制品（北京）有限公司,是,原材料,2,高性能版NK细胞无血清培养,30,202512010009,2025-12-01,5
右美格生物科技（西安）有限公司,是,包装材料,3,SERUM STOPPER涂膜溴化丁基胶塞; 铝塑组合盖,0,,,0
合肥一茂生物科技有限公司,是,原材料,1,氨丁三醇,0,,,0
同立海源,否,,0,,2,202512160011,2025-12-16,2
国药集团化学试剂有限公司,是,原材料,2,冰醋酸; 盐酸,0,,,0
图文广告店,否,,0,,3,202605180010,2026-05-18,3
圣戈班高功能塑料（上海）有限公司,是,生产耗材,2,硅胶管,0,,,0
埃克森（北京）科技有限公司,是,生产耗材,1,细胞培养袋,2,202506300001,2025-06-30,1
天津天药药业股份有限公司,是,原材料,2,精氨酸,0,,,0
奥因旺生物科技（北京）有限公司,是,原材料,1,293Pro®CD293M无血清培养基，无动物源,0,,,0
安徽双鹤药业有限责任公司,是,辅料,1,氯化钠注射液,0,,,0
山东威高集团医用高分子制品股份有限公司,是,包装材料,1,输血袋,0,,,0
山东瑞生药用辅料有限公司,是,原材料,1,聚山梨酯80,0,,,0
山东邦盛医疗器械有限公司,否,,0,,2,202507300010,2025-07-30,1
巴斯夫,是,辅料,1,泊洛沙姆188（P188）,0,,,0
广东环凯微生物科技有限公司,否,,0,,9,202505150015,2025-05-15,2
广州市华粤瑞科科学器材有限公司北京分公司,是,原材料,1,酵母粉,0,,,0
广州洁特生物过滤股份有限公司,否,,0,,1,202603250015,2026-03-25,1
康宁生命科学（吴江）有限公司,是,生产耗材,12,"0.5-10ul Clear Tip for P2/P10,Racked&Pre-Sterilized; 1.5ml Microtubes,Pre-Sterilized.Clear; 1000 Polycarbonate Erlenmeyer Shake Flask with Vent Cap; 1000ul Blue Tips,Racked ＆ Pre-Sterilized; 1000ul Universal Fit Filter Tips,Racked ＆ Pre-Sterilized",0,,,0
微光智控（北京）科技有限公司,否,,0,,4,202603100002,2026-03-10,2
微采甄选医疗京东自营专区,否,,0,,2,202510140010,2025-10-14,1
振德京东自营旗舰店,否,,0,,1,202510140010,2025-10-14,1
无锡国盛生物工程有限公司,是,生产耗材,2,200ul滤芯吸头; 血清移液管,0,,,0
无锡耐思生命科技股份有限公司,是,生产耗材,2,1000ml 方瓶试剂瓶（血清瓶）; 5L高效摇瓶密封系统 大滤膜转移盖,1,202508070013,2025-08-07,1
杭州科百特过滤器材有限公司,是,生产耗材,4,BricapCO2 SAF 0.45um±0.2μm滤器; 除菌过滤器,0,,,0
极云致成（北京）科技有限公司,是,生产耗材,2,硅胶管,0,,,0
格来赛生命科技（上海）有限公司,是,生产耗材,1,CaptoTM Core 700,0,,,0
格雷斯海姆博博莱斯瓦维茨工厂,是,包装材料,1,环烯烃聚合物（COP）单层小瓶,0,,,0
格雷斯海姆塑料包装（常州）有限公司,是,包装材料,1,环烯烃聚合物（COP）单层小瓶,0,,,0
欧壁医药包装（中国）科技有限公司,是,包装材料,2,VIAL EZ-FILL,0,,,0
武汉桐康生物科技有限公司,是,"包装材料, 生产耗材",2,转移袋Tr100; 转移袋（200mL）,2,202507290020,2025-07-29,2
武汉瀚海新酶生物科技有限公司,是,原材料,4,T7 RNA Polymerase; 全能核酸酶,0,,,0
武汉糖智药业有限公司,是,原材料,1,"ATP,100mM Solution",0,,,0
武汉翌圣生物科技有限公司,是,原材料,1,Hiff,0,,,0
武洁（VUJEEN)医疗保健京东自营旗舰店,否,,0,,2,202508120009,2025-08-12,1
江苏华兰药用新材料股份有限公司,是,包装材料,1,注射液用覆聚四氟乙烯/六氟丙烯的共聚物膜氯化丁基橡胶塞,0,,,0
江苏省勤奋药业有限公司,是,"原材料, 辅料",6,二水合氯化钙; 六水合氯化镁; 氯化钠,0,,,0
河北华晨药业集团有限公司,是,原材料,2,氯化钠; 碳酸氢钠,0,,,0
河北晋东贸易有限公司,是,包装材料,1,输血袋,0,,,0
河北泰禾春雨生物科技有限公司,是,原材料,3,慢病毒,0,,,0
泉州市睿信生物科技有限公司,否,,0,,3,202507170008,2025-07-17,3
泉心泉意(上海)生命科技有限公司,否,,0,,2,202508040011,2025-08-04,2
浙江泰林生命科学有限公司,否,,0,,1,202510150002,2025-10-15,1
浙江海昶生物医药技术有限公司,是,原材料,1,pAB401-BsaI-Linear,0,,,0
淘宝,否,,0,,1,202508110013,2025-08-11,1
深圳市卫光生物制品股份有限公司,是,辅料,1,人血白蛋白,0,,,0
深圳市达科为生物工程有限公司,是,原材料,5,CIK细胞无血清培养基; CIK细胞诱导培养试剂盒; SuperGrow®细胞培养添加物; 人外周血淋巴分离液,0,,,0
深圳赛桥生物创新技术有限公司,是,生产耗材,2,一次性细胞处理套件,0,,,0
添彩（TIANCAI）耗材京东自营旗舰店,否,,0,,1,202509260023,2025-09-26,1
湖南九典宏阳制药有限公司,是,"原材料, 辅料",4,一水合枸橼酸; 一水合磷酸二氢钠; 枸橼酸钠; 磷酸氢二钠十二水合物,0,,,0
滴滴,否,,0,,1,202605180010,2026-05-18,1
瑞普利金（上海）生物科技有限公司,是,生产耗材,1,中空纤维,0,,,0
生工生物工程（上海）股份有限公司,是,原材料,2,硫酸卡那霉素,0,,,0
百林科制药装备科技（江苏）有限公司,是,生产耗材,1,200L一次性使用搅拌袋,0,,,0
百林赛医药科技（北京）有限公司,是,生产耗材,1,200L一次性使用搅拌袋,0,,,0
碧云天,否,,0,,1,202511250005,2025-11-25,1
精创京东官方旗舰店,否,,0,,1,202605220009,2026-05-22,1
美团,否,,0,,1,202605180010,2026-05-18,1
翌圣生物科技（上海）股份有限公司,是,原材料,1,Hiff,0,,,0
联科生物,否,,0,,3,202507240009,2025-07-24,3
苏州为度生物技术有限公司天津分公司,否,,0,,1,202502260012,2025-02-26,1
苏州莱士输血器材有限公司,是,"包装材料, 生产耗材",2,转移袋Tr100; 转移袋（200mL）,0,,,0
英潍捷基（上海）贸易有限公司,是,"原材料, 生产耗材",6,DMEM培养基; Opti-MEM培养基; POROS OLIGO DT25; Trpan Blue Stain（0.4%）; 细胞扩增 SFM,14,202512150003,2025-12-15,8
衢州莱檬科技有限公司,是,包装材料,2,VIAL EZ-FILL,0,,,0
衷博瑞佳生物技术（上海）有限公司,是,生产耗材,1,冻存袋,0,,,0
西格玛奥德里奇（上海）贸易有限公司,是,原材料,1,消泡剂SE-15,0,,,0
贵州省欣紫鸿药用辅料有限公司,是,原材料,1,氨丁三醇,0,,,0
赛多利斯,是,生产耗材,2,Sterile Capsuie,0,,,0
赛多利斯斯泰迪生物设备（北京）有限公司,是,生产耗材,1,Flexsafe® RM5OL Optical,0,,,0
赛默飞,是,"原材料, 生产耗材",6,Nunc离心管; POROS OLIGO DT25; 杜氏磷酸盐缓冲液（DPBS）; 细胞扩增 SFM,1,202510310018,2025-10-31,1
赛默飞世尔科技,是,原材料,1,DMEM培养基,0,,,0
达科为,否,,0,,17,202512110017,2025-12-11,17
迈安纳（上海）科技有限公司,否,,0,,1,202508270007,2025-08-27,1
默克化工技术（上海）有限公司,是,生产耗材,3,100KD膜包; 除菌过滤杯,0,,,0
