物料名称,货号,规格,采购日期,数量,含税单价,含税金额,供应商,生产厂商,流水号,审批状态,采购类型,供应商标签,所属项目
微网雾化器,M113,网筛为高分子材料,2026-05-22,3.0,490.0,1470.0,京东鱼跃自营旗舰店,鱼跃医疗,202605220009,PENDING,设备,临时合格供应商,北京胸科医院IIT项目
保温箱-3L,ICERS-3L,临床药品转运箱,2026-05-22,1.0,150.0,150.0,京东ICERS自营旗舰店,ICERS,202605220009,PENDING,设备,临时合格供应商,北京胸科医院IIT项目
温湿度记录仪,RCW-360Plus,药品转运温度记录仪,2026-05-22,1.0,740.0,740.0,精创京东官方旗舰店,精创（elitech）,202605220009,PENDING,设备,临时合格供应商,北京胸科医院IIT项目
5ml细胞冻存管,OB02007,25个/包，1000个/箱,2026-03-27,1.0,3600.0,3600.0,北京钎铧科技,德国SARSTEDT,202603270017,APPROVED,生产原料,合格供应商,通用项目
硒鼓,100022819707,适用于HP103a打印机,2025-09-26,2.0,56.0,112.0,添彩（TIANCAI）耗材京东自营旗舰店,京东自营,202509260023,APPROVED,设备,合格供应商,通用项目
"醋酸盐缓冲液,500mL,pH3.5",BWZ8104-2016,"500mL/瓶,pH3.5",2025-09-26,1.0,108.0,108.0,北京林萘生物科技有限公司,伟业计量,202509260023,APPROVED,设备,合格供应商,通用项目
洗衣粉,无,10kg,2026-01-21,1.0,57.9,57.9,京东,无,202601210010,APPROVED,其他,合格供应商,N/A
84消毒液,无,5kg,2026-01-21,1.0,27.9,27.9,,,202601210010,APPROVED,其他,合格供应商,N/A
APC anti-human CD105,323208,100 tests,2025-07-15,1.0,2685.0,2685.0,达科为,BioLegend,202507150008,APPROVED,其他,合格供应商,干细胞建库
APC anti-human CD19,302212,100 tests,2025-07-15,1.0,898.0,898.0,达科为,BioLegend,202507150008,APPROVED,其他,合格供应商,干细胞建库
FITC anti-human CD90 (Thy1),328108,100 tests,2025-07-15,1.0,1958.0,1958.0,达科为,BioLegend,202507150008,APPROVED,其他,合格供应商,干细胞建库
FITC anti-human CD45,304006,100 tests,2025-07-15,1.0,616.0,616.0,达科为,BioLegend,202507150008,APPROVED,其他,合格供应商,干细胞建库
PE/Cyanine7 anti-human CD73 (Ecto-5'-nucleotidase),344010,100 tests,2025-07-15,1.0,2967.0,2967.0,达科为,BioLegend,202507150008,APPROVED,其他,合格供应商,干细胞建库
PE/Cyanine7 anti-human HLA-DR,307616,100 tests,2025-07-15,1.0,2659.0,2659.0,达科为,BioLegend,202507150008,APPROVED,其他,合格供应商,干细胞建库
PE anti-human CD34,343506,100 tests,2025-07-15,1.0,2334.0,2334.0,达科为,BioLegend,202507150008,APPROVED,其他,合格供应商,干细胞建库
PE anti-human CD11b,301306,100 tests,2025-07-15,1.0,941.0,941.0,达科为,BioLegend,202507150008,APPROVED,其他,合格供应商,干细胞建库
"APC Mouse IgG1, κ Isotype Ctrl (FC)",400122,100 tests,2025-07-15,1.0,1317.0,1317.0,达科为,BioLegend,202507150008,APPROVED,其他,合格供应商,干细胞建库
"APC Mouse IgG1, κ Isotype Ctrl",400120,100 μg,2025-07-15,1.0,752.0,752.0,达科为,BioLegend,202507150008,APPROVED,其他,合格供应商,干细胞建库
"FITC Mouse IgG1, κ Isotype Ctrl (FC)",400110,100 tests,2025-07-15,1.0,915.0,915.0,达科为,BioLegend,202507150008,APPROVED,其他,合格供应商,干细胞建库
"FITC Mouse IgG1, κ Isotype Ctrl",400107,50 μg,2025-07-15,1.0,257.0,257.0,达科为,BioLegend,202507150008,APPROVED,其他,合格供应商,干细胞建库
"PE/Cyanine7 Mouse IgG1, κ Isotype Ctrl",400126,100 tests,2025-07-15,1.0,1531.0,1531.0,达科为,BioLegend,202507150008,APPROVED,其他,合格供应商,干细胞建库
"PE/Cyanine7 Mouse IgG2a, κ Isotype Ctrl",400232,100 tests,2025-07-15,1.0,1505.0,1505.0,达科为,BioLegend,202507150008,APPROVED,其他,合格供应商,干细胞建库
"PE Mouse IgG1, κ Isotype Ctrl",400112,100 μg,2025-07-15,1.0,658.0,658.0,达科为,BioLegend,202507150008,APPROVED,其他,合格供应商,干细胞建库
重组人IL-1α蛋白,TL-109-0010,10ug,2026-03-24,1.0,700.0,700.0,北京安杰诺科技有限公司,北京同立海源生物科技有限公司,202603240015,APPROVED,生产原料,合格供应商,CIK
重组人IL-2蛋白（高效型）,GMP-TL906,100ug,2026-03-24,1.0,560.0,560.0,北京安杰诺科技有限公司,北京同立海源生物科技有限公司,202603240015,APPROVED,生产原料,合格供应商,CIK
抗人CD3单克隆抗体,GMP-TL101-0500,500ug,2026-03-24,1.0,700.0,700.0,北京安杰诺科技有限公司,北京同立海源生物科技有限公司,202603240015,APPROVED,生产原料,合格供应商,CIK
重组人IFN-γ蛋白,GMP-TL105-0200,200ug,2026-03-24,1.0,1120.0,1120.0,北京安杰诺科技有限公司,北京同立海源生物科技有限公司,202603240015,APPROVED,生产原料,合格供应商,CIK
板式初效过滤器/G4,无,,2025-10-27,12.0,36.5,438.0,北京众和绿达净化技术有限公司,美埃,202510270006,APPROVED,设备,合格供应商,通用项目
袋式中效过滤器/F7,无,,2025-10-27,4.0,70.38,281.52,北京众和绿达净化技术有限公司,美埃,202510270006,APPROVED,设备,合格供应商,通用项目
袋式中效过滤器/F9,无,,2025-10-27,12.0,82.76,993.12,北京众和绿达净化技术有限公司,美埃,202510270006,APPROVED,设备,合格供应商,通用项目
吸顶灯条,无,无,2026-05-22,4.0,79.42,317.68,京东,无,202605220017,PENDING,其他,合格供应商,N/A
5号电池,无,无,2026-05-22,5.0,8.3,41.5,京东,无,202605220017,PENDING,其他,合格供应商,N/A
文件盒,无,无,2026-05-22,1.0,92.02,92.02,京东,无,202605220017,PENDING,其他,合格供应商,N/A
四人组办公桌,无,无,2026-05-22,1.0,2190.0,2190.0,京东,无,202605220017,PENDING,其他,合格供应商,N/A
胰酪大豆胨液体培养基(TSB),"HBPP4114-
500",500ml/20瓶/箱,2026-01-21,1.0,340.0,340.0,北京中研华誉生物技术有限公司,青岛高科技工业园海博生物技术有限公司,202601210022,APPROVED,其他,合格供应商,科委项目二
"醋酸盐缓冲液,500mL,pH3.5",BWZ8104-2016,"500mL/瓶,pH3.5",2026-01-21,1.0,108.0,108.0,北京林萘生物科技有限公司,伟业计量,202601210022,APPROVED,其他,合格供应商,通用项目
衡洁  75%酒精,100177802156,75%  2.5L/桶,2025-12-15,5.0,23.61,118.05,武洁（VUJEEN)医疗保健京东自营旗舰店,河北瑞圭医药科技有限公司,202512150009,APPROVED,其他,合格供应商,通用项目
"醋酸盐缓冲液,500mL,pH3.5",BWZ8104-2016,"500mL/瓶,pH3.5",2025-12-15,1.0,108.0,108.0,北京林萘生物科技有限公司,伟业计量,202512150009,APPROVED,其他,合格供应商,通用项目
血清替代物SR,A2596102,500ml/瓶,2026-02-26,1.0,18905.64,18905.64,英潍捷基（上海）贸易有限公司,赛默飞,202602260003,APPROVED,生产原料,合格供应商,通用项目
杜氏磷酸盐缓冲液（DPBS）,14190250,500ml/瓶,2026-02-26,10.0,280.972,2809.72,英潍捷基（上海）贸易有限公司,赛默飞,202602260003,APPROVED,生产原料,合格供应商,通用项目
碱性碘化汞钾试液(HJ 535-2009 二氯化汞-碘化钾-氢氧化钾),BWZ8113-2016,500ml/瓶,2025-06-30,1.0,672.0,672.0,北京林萘生物科技有限公司,伟业计量,202506300005,APPROVED,其他,合格供应商,通用项目
"醋酸盐缓冲液,500mL,pH3.5",BWZ8104-2016,"500mL/瓶,pH3.5",2025-06-30,1.0,108.0,108.0,北京林萘生物科技有限公司,伟业计量,202506300005,APPROVED,其他,合格供应商,通用项目
人肝细胞生长因子（Pro-HGF）试剂盒（ELISA）,RX100307H,96T,2025-07-17,1.0,800.0,800.0,泉州市睿信生物科技有限公司,泉州市睿信生物科技有限公司,202507170008,REJECTED,其他,临时合格供应商,干细胞建库
人血管内皮因子（VEGF）试剂盒（ELISA）,RX105003H,96T,2025-07-17,1.0,800.0,800.0,泉州市睿信生物科技有限公司,泉州市睿信生物科技有限公司,202507170008,REJECTED,其他,临时合格供应商,干细胞建库
人转化生长因子β1（TGF-β1）试剂盒（ELISA）,RX104768H,96T,2025-07-17,1.0,800.0,800.0,泉州市睿信生物科技有限公司,泉州市睿信生物科技有限公司,202507170008,REJECTED,其他,临时合格供应商,干细胞建库
"硫乙醇酸盐流体培养
基",HBPP5190-500,500ml/12瓶/箱,2025-06-27,1.0,240.0,240.0,北京中研华誉生物技术有限公司,青岛高科技工业园海博生物技术有限公司,202506270020,APPROVED,其他,合格供应商,科委项目二
无菌 PH7.0 氯化钠-蛋白胨缓冲液,HBPP8454-500,500ml/瓶*20/箱,2025-06-27,1.0,320.0,320.0,北京中研华誉生物技术有限公司,青岛高科技工业园海博生物技术有限公司,202506270020,APPROVED,其他,合格供应商,科委项目二
Human HGF ELISA Kit检测试剂盒(酶联免疫吸附法),EK1H01,96T,2025-07-24,1.0,1590.0,1590.0,联科生物,联科生物,202507240009,APPROVED,其他,合格供应商,UC-MSC
Human VEGF ELISA Kit检测试剂盒(酶联免疫吸附法),EK183,96T,2025-07-24,1.0,1590.0,1590.0,联科生物,联科生物,202507240009,APPROVED,其他,合格供应商,UC-MSC
Human/Mouse TGF-β1 ELISA Kit 检测试剂盒(酶联免疫吸附法),EK981,96T,2025-07-24,1.0,1590.0,1590.0,联科生物,联科生物,202507240009,APPROVED,其他,合格供应商,UC-MSC
CFSE Cell Division Tracker Kit,423801,1 kit,2025-07-24,1.0,863.0,863.0,达科为,BioLegend,202507240009,APPROVED,其他,合格供应商,UC-MSC
丝裂霉素C,D419552-50mg,50mg,2025-07-24,1.0,347.9,347.9,伊诺凯,Aladdin,202507240009,APPROVED,其他,合格供应商,UC-MSC
血清替代物SR,A2596102,500ml/瓶,2025-08-29,1.0,17305.9,17305.9,英潍捷基（上海）贸易有限公司,赛默飞,202508290008,APPROVED,生产原料,合格供应商,通用项目
杜氏磷酸盐缓冲液（DPBS）,14190250,500ml/瓶,2025-08-29,10.0,272.764,2727.64,英潍捷基（上海）贸易有限公司,赛默飞,202508290008,APPROVED,生产原料,合格供应商,通用项目
鞘液,D60062,10L/箱,2025-12-01,1.0,260.0,260.0,北京旷博生物技术股份有限公司,天津旷博同生生物技术有限公司,202512010014,APPROVED,其他,合格供应商,科委项目二
人血白蛋白,,10g(20%:50ml)/瓶,2025-08-28,10.0,554.0,5540.0,东莞富怡互联网医院有限公司,深圳市卫光生物制品股份有限公司,202508280020,APPROVED,生产原料,合格供应商,通用项目
样本密度分离液,7912011,250ml/瓶,2025-07-24,5.0,276.0,1380.0,北京达科为生物技术有限公司,深圳市达科为生物工程有限公司,202507240002,APPROVED,生产原料,合格供应商,通用项目
过滤器,无,无,2025-09-12,1.0,551.65,551.65,,,202509120005,APPROVED,其他,合格供应商,N/A
4分对丝,无,无,2025-09-12,2.0,4.45,8.9,,,202509120005,APPROVED,其他,合格供应商,N/A
4分三通,无,无,2025-09-12,1.0,19.71,19.71,,,202509120005,APPROVED,其他,合格供应商,N/A
PPR4分管,无,无,2025-09-12,2.0,28.8,57.6,,,202509120005,APPROVED,其他,合格供应商,N/A
PPR4分弯头,无,无,2025-09-12,1.0,15.21,15.21,,,202509120005,APPROVED,其他,合格供应商,N/A
PPR4分三通,无,无,2025-09-12,1.0,8.91,8.91,,,202509120005,APPROVED,其他,合格供应商,N/A
PPR4分外丝,无,无,2025-09-12,2.0,32.5,65.0,,,202509120005,APPROVED,其他,合格供应商,N/A
PPR4分接头,无,无,2025-09-12,1.0,8.91,8.91,,,202509120005,APPROVED,其他,合格供应商,N/A
110mmPVC管,无,无,2025-09-12,4.0,121.72,486.88,,,202509120005,APPROVED,其他,合格供应商,N/A
110mmPVC弯头,无,无,2025-09-12,2.0,21.6,43.2,,,202509120005,APPROVED,其他,合格供应商,N/A
PVC胶水,无,无,2025-09-12,2.0,23.9,47.8,,,202509120005,APPROVED,其他,合格供应商,N/A
110PVC管封堵,无,无,2025-09-12,4.0,2.03,8.12,,,202509120005,APPROVED,其他,合格供应商,N/A
110开孔器,无,无,2025-09-12,1.0,73.9,73.9,,,202509120005,APPROVED,其他,合格供应商,N/A
直接电表,无,无,2025-09-12,6.0,195.0,1170.0,,,202509120005,APPROVED,其他,合格供应商,N/A
直接电表,无,无,2025-09-12,1.0,64.32,64.32,,,202509120005,APPROVED,其他,合格供应商,N/A
表箱,无,无,2025-09-12,1.0,23.85,23.85,,,202509120005,APPROVED,其他,合格供应商,N/A
分线端子,无,无,2025-09-12,24.0,33.66,807.84,,,202509120005,APPROVED,其他,合格供应商,N/A
2.5红线,无,无,2025-09-12,1.0,127.0,127.0,,,202509120005,APPROVED,其他,合格供应商,N/A
2.5黄线,无,无,2025-09-12,1.0,127.0,127.0,,,202509120005,APPROVED,其他,合格供应商,N/A
2.5绿线,无,无,2025-09-12,1.0,127.0,127.0,,,202509120005,APPROVED,其他,合格供应商,N/A
压线端子,无,无,2025-09-12,2.0,7.9,15.8,,,202509120005,APPROVED,其他,合格供应商,N/A
25压线端子,无,无,2025-09-12,2.0,44.0,88.0,,,202509120005,APPROVED,其他,合格供应商,N/A
25压线端子,无,无,2025-09-12,5.0,18.42,92.1,,,202509120005,APPROVED,其他,合格供应商,N/A
25线缆,无,无,2025-09-12,35.0,27.5,962.5,,,202509120005,APPROVED,其他,合格供应商,N/A
焊接丝头,无,无,2025-09-12,20.0,2.0,40.0,,,202509120005,APPROVED,其他,合格供应商,N/A
内丝直通,无,无,2025-09-12,13.0,9.6,124.8,,,202509120005,APPROVED,其他,合格供应商,N/A
1.5²控制线,无,无,2025-09-12,1.0,150.1,150.1,,,202509120005,APPROVED,其他,合格供应商,N/A
导轨,无,无,2025-09-12,1.0,10.6,10.6,,,202509120005,APPROVED,其他,合格供应商,N/A
水表,无,无,2025-09-12,10.0,255.0,2550.0,,,202509120005,APPROVED,其他,合格供应商,N/A
气表,无,无,2025-09-12,5.0,920.0,4600.0,,,202509120005,APPROVED,其他,合格供应商,N/A
改BMS程序,无,无,2025-09-12,1.0,8414.0,8414.0,,,202509120005,APPROVED,其他,合格供应商,N/A
工业加湿器,无,无,2025-09-12,2.0,4800.0,9600.0,,,202509120005,APPROVED,其他,合格供应商,N/A
仪表计量,无,无,2025-09-12,1.0,3730.0,3730.0,,,202509120005,APPROVED,其他,合格供应商,N/A
变频器,无,无,2025-09-12,2.0,5417.2,10834.4,,,202509120005,APPROVED,其他,合格供应商,N/A
改造费,无,无,2025-09-12,1.0,27823.0,27823.0,,,202509120005,APPROVED,其他,合格供应商,N/A
再验证设备计量,无,无,2025-09-12,1.0,6071.0,6071.0,,,202509120005,APPROVED,其他,合格供应商,NA
再验证耗材,无,无,2025-09-12,1.0,3799.0,3799.0,,,202509120005,APPROVED,其他,合格供应商,NA
甲酸,FZ-0012508-500ml,500ml/瓶,2025-04-27,1.0,800.0,800.0,北京建强伟业科技有限公司,fusion,202504270015,APPROVED,其他,合格供应商,CAD-HPLC仪器租赁服务
NK细胞无血清培养基（2.0）,CT-001-4,,2026-05-18,8.0,500.0,4000.0,,,202605180011,PENDING,生产原料,合格供应商,异体NK
NK-v,CT-001-5,,2026-05-18,10.0,59.0,590.0,,,202605180011,PENDING,生产原料,合格供应商,异体NK
NK细胞无血清细胞冻存液,RC-070,,2026-05-18,3.0,900.0,2700.0,,,202605180011,PENDING,生产原料,合格供应商,异体NK
人NK细胞高效扩增试剂盒（套装）（2.0）,CT-001,,2026-05-18,1.0,3400.0,3400.0,,三一造血,202605180011,PENDING,生产原料,合格供应商,异体NK
MEM Alpha Modification,SH30265.01,500ml/瓶,2025-07-01,40.0,65.0,2600.0,北京智杰方远科技有限公司,Hyclone,202507010018,REJECTED,生产原料,临时合格供应商,2D MSC
UltraGRO™ Advanced,HPCFDCGL50,500ml/瓶,2025-07-01,2.0,14200.0,28400.0,北京智杰方远科技有限公司,HELIOS,202507010018,REJECTED,生产原料,临时合格供应商,2D MSC
TrypLE Express,12604-021,500ml/瓶,2025-07-01,2.0,600.0,1200.0,北京智杰方远科技有限公司,Gibco,202507010018,REJECTED,生产原料,临时合格供应商,2D MSC
T175瓶,159910,30个/箱,2025-07-01,6.0,510.0,3060.0,北京智杰方远科技有限公司,Thermo,202507010018,REJECTED,生产原料,临时合格供应商,2D MSC
CryoStor CS10 冻存液,100-1061,100ml/瓶,2025-07-01,2.0,2600.0,5200.0,北京智杰方远科技有限公司,BIOLIFE,202507010018,REJECTED,生产原料,临时合格供应商,2D MSC
10层细胞工厂,771302,6包/箱,2025-07-01,2.0,2300.0,4600.0,北京智杰方远科技有限公司,NEST,202507010018,REJECTED,生产原料,临时合格供应商,2D MSC
铁丝无菌袋,110114001,100个/盒,2025-07-01,1.0,104.0,104.0,北京智杰方远科技有限公司,比克曼,202507010018,REJECTED,生产原料,临时合格供应商,2D MSC
铁丝无菌袋,110114003,100个/盒,2025-07-01,1.0,128.0,128.0,北京智杰方远科技有限公司,比克曼,202507010018,REJECTED,生产原料,临时合格供应商,2D MSC
文件袋,无,无,2025-08-06,3.0,9.28,27.84,京东,无,202508060003,APPROVED,办公用品,合格供应商,N/A
L型文件套,,,2025-08-06,2.0,10.4,20.8,京东,无,202508060003,APPROVED,办公用品,合格供应商,N/A
60页文件册,,,2025-08-06,3.0,6.33,18.99,京东,无,202508060003,APPROVED,办公用品,合格供应商,N/A
40页文件册,,,2025-08-06,5.0,4.95,24.75,京东,无,202508060003,APPROVED,办公用品,合格供应商,N/A
签字笔,,,2025-08-06,3.0,15.71,47.13,京东,无,202508060003,APPROVED,办公用品,合格供应商,N/A
凤尾夹,,,2025-08-06,2.0,5.38,10.76,京东,无,202508060003,APPROVED,办公用品,合格供应商,N/A
文件盒,,,2025-08-06,1.0,71.1,71.1,京东,无,202508060003,APPROVED,办公用品,合格供应商,N/A
无血清培养基,88-581-CM,1L/瓶,2025-07-22,6.0,520.0,3120.0,北京英联创新生物科技有限公司,Corning,202507220001,REJECTED,生产原料,临时合格供应商,CIK
免疫细胞修复培养基,NC0102.F,200ml/瓶,2025-07-23,5.0,536.0,2680.0,友康厚德生物制品（北京）有限公司,友康厚德生物制品（北京）有限公司,202507230003,APPROVED,生产原料,合格供应商,NK
NK细胞无血清培养基,NC0102,1000ml/瓶,2025-07-23,10.0,407.0,4070.0,友康厚德生物制品（北京）有限公司,友康厚德生物制品（北京）有限公司,202507230003,APPROVED,生产原料,合格供应商,NK
NK细胞诱导扩增试剂盒（高性能版）,AN0104-2,NA,2025-07-23,5.0,2500.0,12500.0,友康厚德生物制品（北京）有限公司,友康厚德生物制品（北京）有限公司,202507230003,APPROVED,生产原料,合格供应商,NK
排风扇,无,无,2026-03-09,11.0,142.1,1563.1,京东,无,202603090018,APPROVED,其他,合格供应商,N/A
变频器,无,元/台,2026-03-09,2.0,2342.35,4684.7,,,202603090018,APPROVED,其他,合格供应商,N/A
电缆,无,元/米,2026-03-09,11.0,67.06,737.66,,,202603090018,APPROVED,其他,合格供应商,N/A
接线端子,无,元/20个,2026-03-09,1.0,42.16,42.16,,,202603090018,APPROVED,其他,合格供应商,N/A
1.5*2软线,无,50米/盘,2026-03-09,1.0,262.77,262.77,,,202603090018,APPROVED,其他,合格供应商,
抗人CD28单克隆抗体,GMP-TL102-0500,500ug,2025-12-18,1.0,700.0,700.0,北京同立海源生物科技有限公司,北京同立海源生物科技有限公司,202512180007,APPROVED,生产原料,合格供应商,CIK
抗人CD3单克隆抗体,GMP-TL101-0500,500ug,2025-12-18,1.0,700.0,700.0,北京同立海源生物科技有限公司,北京同立海源生物科技有限公司,202512180007,APPROVED,生产原料,合格供应商,CIK
重组人IL-α蛋白,TL-109-0010,10ug,2025-12-18,1.0,700.0,700.0,北京同立海源生物科技有限公司,北京同立海源生物科技有限公司,202512180007,APPROVED,生产原料,合格供应商,CIK
重组人IL-2蛋白（高效型）,GMP-TL906,100ug,2025-12-18,1.0,560.0,560.0,北京同立海源生物科技有限公司,北京同立海源生物科技有限公司,202512180007,APPROVED,生产原料,合格供应商,CIK
数字量输入模块DI16x24VDC,无,无,2025-04-22,1.0,570.0,570.0,京东,无,202504220008,APPROVED,其他,合格供应商,N/A
ET200SP总线适配器,无,无,2025-04-22,1.0,373.0,373.0,京东,无,202504220008,APPROVED,其他,合格供应商,N/A
ET200SP接口模块,无,无,2025-04-22,1.0,1358.0,1358.0,京东,无,202504220008,APPROVED,其他,合格供应商,N/A
绿色按钮,无,无,2025-04-22,1.0,45.0,45.0,京东,无,202504220008,APPROVED,其他,合格供应商,N/A
红色按钮,无,无,2025-04-22,4.0,45.0,180.0,京东,无,202504220008,APPROVED,其他,合格供应商,N/A
黄色指示灯,无,无,2025-04-22,1.0,8.4,8.4,京东,无,202504220008,APPROVED,其他,合格供应商,N/A
绿色指示灯,无,无,2025-04-22,1.0,8.4,8.4,京东,无,202504220008,APPROVED,其他,合格供应商,N/A
红色指示灯,无,无,2025-04-22,1.0,8.4,8.4,京东,无,202504220008,APPROVED,其他,合格供应商,N/A
电表,无,无,2025-04-22,1.0,350.0,350.0,京东,无,202504220008,APPROVED,其他,合格供应商,N/A
热保护,无,无,2025-04-22,6.0,96.67,580.02,京东,无,202504220008,APPROVED,其他,合格供应商,N/A
辅助触点,无,无,2025-04-22,6.0,16.58,99.48,京东,无,202504220008,APPROVED,其他,合格供应商,N/A
接触器,无,无,2025-04-22,6.0,68.28,409.68,,,202504220008,APPROVED,其他,合格供应商,N/A
断路器,无,无,2025-04-22,1.0,380.07,380.07,,,202504220008,APPROVED,其他,合格供应商,N/A
交换机,无,无,2025-04-22,1.0,69.0,69.0,,,202504220008,APPROVED,其他,合格供应商,N/A
打印机硒鼓,无,无,2026-01-21,2.0,175.2,350.4,京东,无,202601210011,APPROVED,其他,合格供应商,N/A
康卫仕 一次性使用真空采血管 蓝色PET塑料枸橼酸钠1:9（10ml）100支/盒,无,无,2026-01-21,2.0,92.8,185.6,京东,无,202601210011,APPROVED,其他,合格供应商,N/A
MEM Alpha Modification,SH30265.01,500ml/瓶,2026-03-31,40.0,80.0,3200.0,上海华雅思创生物科技有限公司,Hyclone,202603310015,APPROVED,生产原料,合格供应商,2D MSC 与 外泌体
CryoStor CS10 冻存液,100-1061,100ml/瓶,2026-03-31,2.0,3300.0,6600.0,上海华雅思创生物科技有限公司,BIOLIFE,202603310015,APPROVED,生产原料,合格供应商,细胞类
样本密度分离液,7912011,250ml/瓶,2026-05-13,10.0,276.0,2760.0,北京达科为生物技术有限公司,深圳市达科为生物工程有限公司,202605130005,APPROVED,生产原料,合格供应商,通用项目
总有机碳检查用水,BW5789,500mL/瓶,2025-10-13,1.0,560.0,560.0,泉心泉意(上海)生命科技有限公司,河南标准物质研发中心,202510130012,APPROVED,其他,合格供应商,通用项目
"醋酸盐缓冲液,500mL,pH3.5",BWZ8104-2016,"500mL/瓶,pH3.5",2025-10-13,1.0,108.0,108.0,北京林萘生物科技有限公司,伟业计量,202510130012,APPROVED,其他,合格供应商,通用项目
免疫细胞修复培养基,NC0102.F,200ml/瓶,2026-03-25,5.0,1542.0,7710.0,友康厚德生物制品（北京）有限公司,友康厚德生物制品（北京）有限公司,202603250006,APPROVED,生产原料,合格供应商,NK
NK细胞无血清培养基,NC0102,1000ml/瓶,2026-03-25,10.0,407.0,4070.0,友康厚德生物制品（北京）有限公司,友康厚德生物制品（北京）有限公司,202603250006,APPROVED,生产原料,合格供应商,NK
超纯NK试剂盒50ml,AN0104.2,NA,2026-03-25,5.0,1494.0,7470.0,友康厚德生物制品（北京）有限公司,友康厚德生物制品（北京）有限公司,202603250006,APPROVED,生产原料,合格供应商,NK
DMEM,11965092,500ml/瓶,2025-09-02,5.0,320.0,1600.0,英潍捷基（上海）贸易有限公司,赛默飞,202509020006,APPROVED,生产原料,合格供应商,通用项目
人血白蛋白,,10g(20%:50ml)/瓶,2025-10-21,10.0,554.0,5540.0,东莞富怡互联网医院有限公司,深圳市卫光生物制品股份有限公司,202510210004,APPROVED,生产原料,合格供应商,通用项目
氯化钠注射液,,250ml：2.25g,2025-10-21,160.0,8.0,1280.0,东莞富怡互联网医院有限公司,安徽双鹤药业有限责任公司,202510210004,APPROVED,生产原料,合格供应商,通用项目
数字量输入模块DI16x24VDC,无,无,2025-04-23,1.0,570.0,570.0,京东,无,202504220008,REJECTED,其他,合格供应商,N/A
ET200SP总线适配器,无,无,2025-04-23,1.0,373.0,373.0,京东,无,202504220008,REJECTED,其他,合格供应商,N/A
ET200SP接口模块,无,无,2025-04-23,1.0,1358.0,1358.0,京东,无,202504220008,REJECTED,其他,合格供应商,N/A
绿色按钮,无,无,2025-04-23,1.0,45.0,45.0,京东,无,202504220008,REJECTED,其他,合格供应商,N/A
红色按钮,无,无,2025-04-23,4.0,45.0,180.0,京东,无,202504220008,REJECTED,其他,合格供应商,N/A
黄色指示灯,无,无,2025-04-23,1.0,8.4,8.4,京东,无,202504220008,REJECTED,其他,合格供应商,N/A
绿色指示灯,无,无,2025-04-23,1.0,8.4,8.4,京东,无,202504220008,REJECTED,其他,合格供应商,N/A
红色指示灯,无,无,2025-04-23,1.0,8.4,8.4,京东,无,202504220008,REJECTED,其他,合格供应商,N/A
电表,无,无,2025-04-23,1.0,350.0,350.0,京东,无,202504220008,REJECTED,其他,合格供应商,N/A
热保护,无,无,2025-04-23,6.0,96.67,580.02,京东,无,202504220008,REJECTED,其他,合格供应商,N/A
辅助触点,无,无,2025-04-23,6.0,16.58,99.48,京东,无,202504220008,REJECTED,其他,合格供应商,N/A
接触器,无,无,2025-04-23,6.0,68.28,409.68,,,202504220008,REJECTED,其他,合格供应商,N/A
断路器,无,无,2025-04-23,1.0,380.07,380.07,,,202504220008,REJECTED,其他,合格供应商,N/A
交换机,无,无,2025-04-23,1.0,69.0,69.0,,,202504220008,REJECTED,其他,合格供应商,N/A
G4过滤器,无,595*595*46mm,2025-11-24,60.0,45.65,2739.0,,,202511240014,APPROVED,其他,合格供应商,N/A
F7过滤器,无,595*595*20*300*6P,2025-11-24,36.0,83.19,2994.84,,,202511240014,APPROVED,其他,合格供应商,N/A
F7过滤器,无,595*290*20*300*6P,2025-11-24,20.0,56.25,1125.0,,,202511240014,APPROVED,其他,合格供应商,N/A
F9过滤器,无,595*595*20*550*6P,2025-11-24,26.0,112.76,2931.76,,,202511240014,APPROVED,其他,合格供应商,N/A
电磁阀,无,无,2025-11-24,5.0,66.1,330.5,京东,无,202511240014,APPROVED,其他,合格供应商,N/A
乙二胺四乙酸二钠滴定溶液标准物质,,"GBW(E)086254，500mL,0.05003mol/L",2025-06-05,1.0,99.0,99.0,北京林萘生物科技有限公司,伟业计量,202506050005,APPROVED,其他,合格供应商,CNAS能力验证
氨-氯化铵缓冲液,,"BWZ8050-2016，500mL,10.0",2025-06-05,1.0,99.0,99.0,北京林萘生物科技有限公司,伟业计量,202506050005,APPROVED,其他,合格供应商,CNAS能力验证
铬黑T,,Eriochrome Black T|1787-61-7|Adamas|IND|RG|25g 01035555,2025-06-05,1.0,49.0,49.0,北京林萘生物科技有限公司,Adamas,202506050005,APPROVED,其他,合格供应商,CNAS能力验证
数字量输入模块DI16x24VDC,无,无,2025-04-23,1.0,570.0,570.0,京东,无,202504230008,APPROVED,其他,合格供应商,N/A
ET200SP总线适配器,无,无,2025-04-23,1.0,373.0,373.0,京东,无,202504230008,APPROVED,其他,合格供应商,N/A
ET200SP接口模块,无,无,2025-04-23,1.0,1358.0,1358.0,京东,无,202504230008,APPROVED,其他,合格供应商,N/A
绿色按钮,无,无,2025-04-23,1.0,45.0,45.0,京东,无,202504230008,APPROVED,其他,合格供应商,N/A
红色按钮,无,无,2025-04-23,4.0,45.0,180.0,京东,无,202504230008,APPROVED,其他,合格供应商,N/A
黄色指示灯,无,无,2025-04-23,1.0,8.4,8.4,京东,无,202504230008,APPROVED,其他,合格供应商,N/A
绿色指示灯,无,无,2025-04-23,1.0,8.4,8.4,京东,无,202504230008,APPROVED,其他,合格供应商,N/A
红色指示灯,无,无,2025-04-23,1.0,8.4,8.4,京东,无,202504230008,APPROVED,其他,合格供应商,N/A
电表,无,无,2025-04-23,1.0,350.0,350.0,京东,无,202504230008,APPROVED,其他,合格供应商,N/A
热保护,无,无,2025-04-23,6.0,96.67,580.02,京东,无,202504230008,APPROVED,其他,合格供应商,N/A
辅助触点,无,无,2025-04-23,6.0,16.58,99.48,京东,无,202504230008,APPROVED,其他,合格供应商,N/A
接触器,无,无,2025-04-23,6.0,68.28,409.68,,,202504230008,APPROVED,其他,合格供应商,N/A
断路器,无,无,2025-04-23,1.0,380.07,380.07,,,202504230008,APPROVED,其他,合格供应商,N/A
交换机,无,无,2025-04-23,1.0,69.0,69.0,,,202504230008,APPROVED,其他,合格供应商,N/A
MEM Alpha Modification,SH30265.01,500ml/瓶,2025-10-22,40.0,80.0,3200.0,上海华雅思创生物科技有限公司,Hyclone,202510220003,APPROVED,生产原料,合格供应商,2D MSC
UltraGRO™ Advanced,HPCFDCGL50,500ml/瓶,2025-10-22,2.0,14500.0,29000.0,上海华雅思创生物科技有限公司,HELIOS,202510220003,APPROVED,生产原料,合格供应商,2D MSC
TrypLE Express,12604-021,500ml/瓶,2025-10-22,1.0,696.0,696.0,上海华雅思创生物科技有限公司,Gibco,202510220003,APPROVED,生产原料,合格供应商,2D MSC
T175瓶,159910,30个/箱,2025-10-22,8.0,450.0,3600.0,上海华雅思创生物科技有限公司,Thermo,202510220003,APPROVED,生产原料,合格供应商,2D MSC
CryoStor CS10 冻存液,100-1061,100ml/瓶,2025-10-22,2.0,2850.0,5700.0,上海华雅思创生物科技有限公司,BIOLIFE,202510220003,APPROVED,生产原料,合格供应商,2D MSC
集菌培养器,APY330C,48套/箱,2025-11-20,1.0,1392.0,1392.0,北京中研华誉生物技术有限公司,杭州盈天科学仪器有限公司,202511200002,APPROVED,其他,合格供应商,科委项目二
"醋酸盐缓冲液,500mL,pH3.5",BWZ8104-2016,"500mL/瓶,pH3.5",2025-11-20,1.0,108.0,108.0,北京林萘生物科技有限公司,伟业计量,202511200002,APPROVED,其他,合格供应商,通用项目
样本密度分离液,7912011,250ml/瓶,2026-01-15,5.0,276.0,1380.0,北京达科为生物技术有限公司,深圳市达科为生物工程有限公司,202601150009,APPROVED,生产原料,合格供应商,通用项目
人血白蛋白,,10g(20%:50ml)/瓶,2026-04-13,10.0,554.0,5540.0,十济民医院（东莞）有限公司,深圳市卫光生物制品股份有限公司,202604130002,APPROVED,生产原料,临时合格供应商,通用项目
氯化钠注射液,,250ml：2.25g,2026-04-13,120.0,8.0,960.0,十济民医院（东莞）有限公司,安徽双鹤药业有限责任公司,202604130002,APPROVED,生产原料,临时合格供应商,通用项目
大盘纸,无,无,2026-03-04,3.0,112.0,336.0,京东,无,202603040002,APPROVED,其他,合格供应商,N/A
5号电池,无,无,2026-03-04,2.0,25.4,50.8,,,202603040002,APPROVED,其他,合格供应商,N/A
A4纸,无,无,2026-03-04,3.0,170.72,512.16,,,202603040002,APPROVED,其他,合格供应商,N/A
苹果电脑充电线,无,无,2026-03-04,1.0,129.0,129.0,,,202603040002,APPROVED,其他,合格供应商,N/A
苹果电脑充电器,无,无,2026-03-04,1.0,289.0,289.0,,,202603040002,APPROVED,其他,合格供应商,N/A
洗手液,无,无,2026-03-04,1.0,79.9,79.9,,,202603040002,APPROVED,其他,合格供应商,N/A
打印机彩色墨粉,无,无,2026-03-04,1.0,319.0,319.0,,,202603040002,APPROVED,其他,合格供应商,N/A
一次性使用塑料血袋,Tr-100ml,500个/箱,2025-08-01,1.0,6400.0,6400.0,山东邦盛医疗器械有限公司,山东威高集团医用高分子制品股份有限公司,202508010023,APPROVED,生产原料,临时合格供应商,通用项目
TSA(90mm）,CP0201C,15袋/箱,2025-11-06,9.0,435.0,3915.0,广东环凯微生物科技有限公司,广东环凯微生物科技有限公司,202511060013,APPROVED,其他,合格供应商,通用项目
TSA(55mm）,CP0201J,14袋/箱,2025-11-06,7.0,406.0,2842.0,广东环凯微生物科技有限公司,广东环凯微生物科技有限公司,202511060013,APPROVED,其他,合格供应商,通用项目
溶液pH值测定,CLSH-00326,CNAS测量审核样品,2026-02-27,1.0,1000.0,1000.0,中国食品药品检定研究院,中国食品药品检定研究院,202602270002,APPROVED,其他,合格供应商,通用项目
"醋酸盐缓冲液,500mL,pH3.5",BWZ8104-2016,"500mL/瓶,pH3.5",2026-02-27,1.0,108.0,108.0,北京林萘生物科技有限公司,伟业计量,202602270002,APPROVED,其他,合格供应商,通用项目
A4纸,无,无,2026-01-20,2.0,170.72,341.44,京东,无,202601200007,APPROVED,其他,合格供应商,N/A
大盘纸,无,无,2026-01-20,3.0,112.0,336.0,京东,无,202601200007,APPROVED,其他,合格供应商,N/A
U盘,无,无,2026-01-20,5.0,52.9,264.5,京东,无,202601200007,APPROVED,其他,合格供应商,N/A
蒸馏水,1044728,4.5L*4瓶/箱,2025-07-18,20.0,44.9,898.0,京东,屈臣氏,202507180007,APPROVED,生产原料,合格供应商,N/A
TSA(90mm）,CP0201C,15袋/箱,2025-05-13,1.0,435.0,435.0,广东环凯微生物科技有限公司,广东环凯微生物科技有限公司,202505130006,APPROVED,其他,临时合格供应商,通用项目
TSA(55mm）,CP0201J,14袋/箱,2025-05-13,1.0,406.0,406.0,广东环凯微生物科技有限公司,广东环凯微生物科技有限公司,202505130006,APPROVED,其他,临时合格供应商,通用项目
氧浓度传感器,无,无,2025-11-20,1.0,121.5,121.5,京东,无,202511200005,APPROVED,其他,合格供应商,N/A
MEM Alpha Modification,SH30265.01,500ml/瓶,2025-07-01,40.0,65.0,2600.0,北京智杰方远科技有限公司,Hyclone,202507010014,REJECTED,生产原料,临时合格供应商,2D MSC
UltraGRO™ Advanced,HPCFDCGL50,500ml/瓶,2025-07-01,2.0,14200.0,28400.0,北京智杰方远科技有限公司,HELIOS,202507010014,REJECTED,生产原料,临时合格供应商,2D MSC
TrypLE Express,12604-021,500ml/瓶,2025-07-01,2.0,600.0,1200.0,北京智杰方远科技有限公司,Gibco,202507010014,REJECTED,生产原料,临时合格供应商,2D MSC
T175瓶,159910,30个/箱,2025-07-01,6.0,510.0,3060.0,北京智杰方远科技有限公司,Thermo,202507010014,REJECTED,生产原料,临时合格供应商,2D MSC
CryoStor CS10 冻存液,100-1061,100ml/瓶,2025-07-01,2.0,2600.0,5200.0,北京智杰方远科技有限公司,BIOLIFE,202507010014,REJECTED,生产原料,临时合格供应商,2D MSC
10层细胞工厂,771302,6包/箱,2025-07-01,2.0,2300.0,4600.0,北京智杰方远科技有限公司,NEST,202507010014,REJECTED,生产原料,临时合格供应商,2D MSC
铁丝无菌袋,110114001,100个/盒,2025-07-01,1.0,104.0,104.0,北京智杰方远科技有限公司,比克曼,202507010014,REJECTED,生产原料,临时合格供应商,2D MSC
铁丝无菌袋,110114003,100个/盒,2025-07-01,1.0,128.0,128.0,北京智杰方远科技有限公司,比克曼,202507010014,REJECTED,生产原料,临时合格供应商,2D MSC
MEM Alpha Modification,SH30265.01,500ml/瓶,2025-07-01,40.0,65.0,2600.0,北京智杰方远科技有限公司,Hyclone,202507010014,REJECTED,生产原料,临时合格供应商,2D MSC
UltraGRO™ Advanced,HPCFDCGL50,500ml/瓶,2025-07-01,2.0,14200.0,28400.0,北京智杰方远科技有限公司,HELIOS,202507010014,REJECTED,生产原料,临时合格供应商,2D MSC
TrypLE Express,12604-021,500ml/瓶,2025-07-01,2.0,600.0,1200.0,北京智杰方远科技有限公司,Gibco,202507010014,REJECTED,生产原料,临时合格供应商,2D MSC
T175瓶,159910,30个/箱,2025-07-01,6.0,510.0,3060.0,北京智杰方远科技有限公司,Thermo,202507010014,REJECTED,生产原料,临时合格供应商,2D MSC
CryoStor CS10 冻存液,100-1061,100ml/瓶,2025-07-01,2.0,2600.0,5200.0,北京智杰方远科技有限公司,BIOLIFE,202507010014,REJECTED,生产原料,临时合格供应商,2D MSC
10层细胞工厂,771302,6包/箱,2025-07-01,2.0,2300.0,4600.0,北京智杰方远科技有限公司,NEST,202507010014,REJECTED,生产原料,临时合格供应商,2D MSC
铁丝无菌袋,110114001,100个/盒,2025-07-01,1.0,104.0,104.0,北京智杰方远科技有限公司,比克曼,202507010014,REJECTED,生产原料,临时合格供应商,2D MSC
铁丝无菌袋,110114003,100个/盒,2025-07-01,1.0,128.0,128.0,北京智杰方远科技有限公司,比克曼,202507010014,REJECTED,生产原料,临时合格供应商,2D MSC
250ml离心管,CFT012250,6个/包，8包/箱,2026-03-25,2.0,336.12,672.24,广州洁特生物过滤股份有限公司,广州洁特生物过滤股份有限公司,202603250015,APPROVED,生产原料,临时合格供应商,通用项目
通用项目,247034,个,2025-12-23,1.0,79.0,79.0,京东,三木,202512230015,APPROVED,办公用品,合格供应商,D001
A4纸,无,无,2025-12-29,3.0,170.72,512.16,京东,无,202512290006,APPROVED,其他,合格供应商,N/A
元旦装饰品,无,无,2025-12-29,1.0,301.65,301.65,京东,无,202512290006,APPROVED,其他,合格供应商,N/A
11孔袋,无,无,2025-12-29,6.0,23.86,143.16,京东,无,202512290006,APPROVED,其他,合格供应商,N/A
饮水机滤芯,无,无,2025-12-29,1.0,67.0,67.0,京东,无,202512290006,APPROVED,其他,合格供应商,N/A
PBS,CBS004S-BR500,500ml/瓶,2026-04-16,40.0,40.0,1600.0,中峤科技有限公司,,202604160015,PENDING,生产原料,合格供应商,2D MSC 与 外泌体
TSA(90mm）,CP0201C,15袋/箱,2025-09-08,2.0,435.0,870.0,广东环凯微生物科技有限公司,广东环凯微生物科技有限公司,202509080001,APPROVED,其他,合格供应商,通用项目
TSA(55mm）,CP0201J,14袋/箱,2025-09-08,2.0,406.0,812.0,广东环凯微生物科技有限公司,广东环凯微生物科技有限公司,202509080001,APPROVED,其他,合格供应商,通用项目
CytoFLEX鞘液,B51503,10L/桶,2025-11-28,1.0,1000.0,1000.0,北京中研华誉生物技术有限公司,Beckman Coulter,202511280013,REJECTED,其他,合格供应商,科委项目二
Stain Buffer,554657,500ml/瓶,2025-11-28,1.0,867.0,867.0,北京中研华誉生物技术有限公司,BD,202511280013,REJECTED,其他,合格供应商,科委项目二
人血白蛋白,,10g(20%:50ml)/瓶,2026-02-28,10.0,554.0,5540.0,东莞富怡互联网医院有限公司,深圳市卫光生物制品股份有限公司,202602280001,APPROVED,生产原料,合格供应商,通用项目
秝客便携输液架 可调节移动式 点滴架吊瓶架 家用诊所用移动式可伸缩,无,店铺爆款-三脚两钩,2025-09-22,2.0,46.715,93.43,京东,无,202509220010,APPROVED,其他,合格供应商,N/A
暖火 暖宝宝暖贴40片热敷保暖贴大姨妈神器暖腰暖肚生理期女生暖身贴,无,发热10小时，通用暖贴40片,2025-09-22,1.0,23.9,23.9,京东,无,202509220010,APPROVED,其他,合格供应商,N/A
75%医用酒精,NA,2.5L/桶,2026-01-30,20.0,24.65,493.0,京东,衡洁,202601300007,APPROVED,生产原料,合格供应商,通用项目
喷水壶,NA,NA,2026-01-30,10.0,4.71,47.1,京东,京东,202601300007,APPROVED,生产原料,合格供应商,通用项目
无血清培养基,88-581-CM,1L/瓶,2026-03-24,2.0,535.0,1070.0,北京赛泰克生物科技有限公司,康宁,202603240010,APPROVED,生产原料,合格供应商,CIK
移动硬盘,2TB,,2025-10-30,1.0,599.0,599.0,京东,无,202510300010,APPROVED,其他,合格供应商,N/A
免疫细胞修复培养基2.0,NC0111.F,200ml/瓶,2025-09-02,1.0,1532.0,1532.0,友康厚德生物制品（北京）有限公司,友康厚德生物制品（北京）有限公司,202509020001,APPROVED,生产原料,合格供应商,UC-MSC
NK细胞无血清培养基,NC0102,1000ml/瓶,2025-09-02,2.0,418.0,836.0,友康厚德生物制品（北京）有限公司,友康厚德生物制品（北京）有限公司,202509020001,APPROVED,生产原料,合格供应商,UC-MSC
NK细胞诱导扩增试剂盒（高性能版）,AN0104-2,NA,2025-09-02,1.0,1482.0,1482.0,友康厚德生物制品（北京）有限公司,友康厚德生物制品（北京）有限公司,202509020001,APPROVED,生产原料,合格供应商,UC-MSC
免疫细胞修复培养基,NC0102.F,200ml/瓶,2025-09-02,4.0,536.0,2144.0,友康厚德生物制品（北京）有限公司,友康厚德生物制品（北京）有限公司,202509020001,APPROVED,生产原料,合格供应商,NK
NK细胞无血清培养基,NC0102,1000ml/瓶,2025-09-02,8.0,407.0,3256.0,友康厚德生物制品（北京）有限公司,友康厚德生物制品（北京）有限公司,202509020001,APPROVED,生产原料,合格供应商,NK
NK细胞诱导扩增试剂盒（高性能版）,AN0104-2,NA,2025-09-02,4.0,2500.0,10000.0,友康厚德生物制品（北京）有限公司,友康厚德生物制品（北京）有限公司,202509020001,APPROVED,生产原料,合格供应商,NK
人血白蛋白,,10g(20%:50ml)/瓶,2026-01-12,10.0,554.0,5540.0,东莞富怡互联网医院有限公司,深圳市卫光生物制品股份有限公司,202601120002,APPROVED,生产原料,合格供应商,通用项目
氯化钠注射液,,250ml：2.25g,2026-01-12,80.0,8.0,640.0,东莞富怡互联网医院有限公司,安徽双鹤药业有限责任公司,202601120002,APPROVED,生产原料,合格供应商,通用项目
气瓶,无,40L,2026-04-02,4.0,800.0,3200.0,京东,无,202604020016,APPROVED,其他,合格供应商,N/A
气瓶,无,40L,2026-04-02,4.0,800.0,3200.0,,,202604020016,APPROVED,其他,合格供应商,N/A
无菌滤芯,无,0.22μm/10英寸,2026-04-02,2.0,1500.0,3000.0,,,202604020016,APPROVED,其他,合格供应商,N/A
重组人IL-α蛋白,TL-109-0010,10ug,2026-03-18,1.0,700.0,700.0,北京安杰诺科技有限公司,北京同立海源生物科技有限公司,202603180007,APPROVED,生产原料,合格供应商,CIK
重组人IL-2蛋白（高效型）,GMP-TL906,100ug,2026-03-18,1.0,560.0,560.0,北京安杰诺科技有限公司,北京同立海源生物科技有限公司,202603180007,APPROVED,生产原料,合格供应商,CIK
GoPro HERO12 Black 运动相机,100062634560,H12官方标配,2025-05-28,1.0,1998.0,1998.0,京东,GoPro,202505280006,APPROVED,办公用品,合格供应商,N/A
雷克沙（Lexar）256GB TF（MicroSD）存储卡 V30 A2 读160MB/s 无人机运动相机内存卡 4K超清（1066x）,LMS1066256G-BNNNC,256G,2025-05-28,1.0,209.0,209.0,京东,雷克沙（Lexar）,202505280006,APPROVED,办公用品,合格供应商,N/A
TELESIN(泰迅)大疆action5 pro挂脖action4 3适配gopro13 12挂脖运动相机挂脖支架户外骑行钓鱼拍摄支架,100058606275,挂脖支架SE版,2025-05-28,1.0,58.6,58.6,京东,TELESIN,202505280006,APPROVED,办公用品,合格供应商,N/A
A4纸,无,无,2025-10-30,3.0,140.2,420.6,京东,无,202510300006,APPROVED,其他,合格供应商,N/A
笔记本,无,无,2025-10-30,10.0,4.0,40.0,京东,无,202510300006,APPROVED,其他,合格供应商,N/A
鼠标,无,无,2025-10-30,1.0,53.91,53.91,京东,无,202510300006,APPROVED,其他,合格供应商,N/A
洗涤灵,无,无,2025-10-30,1.0,30.9,30.9,京东,无,202510300006,APPROVED,其他,合格供应商,N/A
棉签,无,无,2025-10-30,2.0,14.87,29.74,京东,无,202510300006,APPROVED,其他,合格供应商,N/A
酒精,无,无,2025-10-30,4.0,23.41,93.64,京东,无,202510300006,APPROVED,其他,合格供应商,N/A
TransDetect Luciferase Mycoplasma Detection Kit,FM301-02,50T,2025-06-23,1.0,2310.0,2310.0,全式金,全式金,202506230004,APPROVED,其他,合格供应商,NK细胞治疗
PBS,CBS004S-BR500,500ml/瓶,2026-04-08,40.0,40.0,1600.0,中峤科技有限公司,,202604080012,APPROVED,生产原料,合格供应商,2D MSC 与 外泌体
T300 培养瓶,,18个/箱,2026-04-08,1.0,612.5,612.5,中峤科技有限公司,,202604080012,APPROVED,生产原料,合格供应商,脐血NK
压差计,T5825,NA,2026-03-09,1.0,7141.0,7141.0,中仪环科（北京）科技有限公司,美国TSI,202603090012,APPROVED,设备,合格供应商,通用项目
洗衣粉,无,无,2025-09-10,1.0,42.8,42.8,,,202509100006,APPROVED,其他,合格供应商,N/A
84消毒液,无,无,2025-09-10,1.0,29.9,29.9,,,202509100006,APPROVED,其他,合格供应商,N/A
免疫细胞修复培养基,NC0102.F,200ml/瓶,2025-10-13,5.0,1542.0,7710.0,友康厚德生物制品（北京）有限公司,友康厚德生物制品（北京）有限公司,202510130002,APPROVED,生产原料,合格供应商,NK
NK细胞无血清培养基,NC0102,1000ml/瓶,2025-10-13,10.0,407.0,4070.0,友康厚德生物制品（北京）有限公司,友康厚德生物制品（北京）有限公司,202510130002,APPROVED,生产原料,合格供应商,NK
超纯NK试剂盒50ml,AN0104.2,NA,2025-10-13,5.0,1494.0,7470.0,友康厚德生物制品（北京）有限公司,友康厚德生物制品（北京）有限公司,202510130002,APPROVED,生产原料,合格供应商,NK
快劳夹,无,无,2025-09-10,1.0,58.5,58.5,京东,无,202509100007,APPROVED,办公用品,合格供应商,N/A
抽杆夹,无,无,2025-09-10,2.0,8.54,17.08,京东,无,202509100007,APPROVED,办公用品,合格供应商,N/A
遥控器,无,无,2025-09-10,1.0,23.65,23.65,京东,无,202509100007,APPROVED,办公用品,合格供应商,N/A
杀虫剂,无,无,2025-09-10,1.0,33.9,33.9,京东,无,202509100007,APPROVED,办公用品,合格供应商,N/A
大盘纸,无,无,2025-09-10,2.0,108.3,216.6,京东,无,202509100007,APPROVED,办公用品,合格供应商,N/A
洗手液,无,无,2025-09-10,1.0,84.5,84.5,京东,无,202509100007,APPROVED,办公用品,合格供应商,N/A
马桶刷,无,无,2025-09-10,2.0,9.4,18.8,京东,无,202509100007,APPROVED,办公用品,合格供应商,N/A
洁厕灵,无,无,2025-09-10,1.0,109.9,109.9,京东,无,202509100007,APPROVED,办公用品,合格供应商,N/A
空气清新剂,无,无,2025-09-10,2.0,10.21,20.42,京东,无,202509100007,APPROVED,办公用品,合格供应商,N/A
抹布,无,无,2025-09-10,2.0,19.8,39.6,京东,无,202509100007,APPROVED,办公用品,合格供应商,N/A
清洁剂,无,无,2025-09-10,2.0,11.82,23.64,京东,无,202509100007,APPROVED,办公用品,合格供应商,N/A
金黄色葡萄球菌-CMCC（B）26003定量菌株,DL-C-A1-01,110~1100cfu/瓶   6瓶/盒,2025-10-15,1.0,840.0,840.0,浙江泰林生命科学有限公司,浙江泰林,202510150002,APPROVED,其他,合格供应商,科委项目二
门禁控制板,无,无,2025-06-26,1.0,950.0,950.0,京东,无,202506260002,APPROVED,其他,合格供应商,N/A
一次性母鲁尔穿刺转接头,GL001,200套/箱,2026-01-30,1.0,4000.0,4000.0,武汉桐康生物科技有限公司,苏州莱士,202601300006,APPROVED,生产原料,合格供应商,通用项目
AO/PI染料,N3AP050,5ml/瓶,2026-04-16,2.0,786.0,1572.0,微光智控（北京）科技有限公司,广州牛顿光学研究院有限公司,202604160017,APPROVED,生产原料,合格供应商,通用项目
细胞计数板,N3EF120,50片/盒,2026-04-16,643.0,5.0,3215.0,微光智控（北京）科技有限公司,广州牛顿光学研究院有限公司,202604160017,APPROVED,生产原料,合格供应商,通用项目
MEM Alpha Modification,SH30265.01,500ml/瓶,2025-09-10,40.0,80.0,3200.0,上海华雅思创生物科技有限公司,Hyclone,202509100003,APPROVED,生产原料,合格供应商,2D MSC
UltraGRO™ Advanced,HPCFDCGL50,500ml/瓶,2025-09-10,2.0,14500.0,29000.0,上海华雅思创生物科技有限公司,HELIOS,202509100003,APPROVED,生产原料,合格供应商,2D MSC
TrypLE Express,12604-021,500ml/瓶,2025-09-10,1.0,696.0,696.0,上海华雅思创生物科技有限公司,Gibco,202509100003,APPROVED,生产原料,合格供应商,2D MSC
T175瓶,159910,30个/箱,2025-09-10,8.0,450.0,3600.0,上海华雅思创生物科技有限公司,Thermo,202509100003,APPROVED,生产原料,合格供应商,2D MSC
CryoStor CS10 冻存液,100-1061,100ml/瓶,2025-09-10,2.0,2850.0,5700.0,上海华雅思创生物科技有限公司,BIOLIFE,202509100003,APPROVED,生产原料,合格供应商,2D MSC
CytoFLEX/DxFLEX/MoFlo即用型日常QC微球,C65719,20ml/每盒。用于流式细胞仪日常质控,2026-04-07,1.0,4935.0,4935.0,北京中研华誉生物技术有限公司,贝克曼,202604070011,REJECTED,其他,合格供应商,科委项目二
"醋酸盐缓冲液,500mL,pH3.5",BWZ8104-2016,"500mL/瓶,pH3.5",2026-04-07,1.0,108.0,108.0,北京林萘生物科技有限公司,伟业计量,202604070011,REJECTED,其他,合格供应商,通用项目
红米电视遥控器,无,无,2025-03-10,3.0,10.4,31.2,京东,无,202503100004,APPROVED,办公用品,合格供应商,N/A
公司领导接送打车费用,,,2026-05-18,2.0,200.0,400.0,滴滴,,202605180010,APPROVED,其他,临时合格供应商,北京胸科医院IIT项目-临床项目启动会
研究方案查阅手册制作,,,2026-05-18,20.0,15.0,300.0,图文广告店,,202605180010,APPROVED,其他,临时合格供应商,北京胸科医院IIT项目-临床项目启动会
易拉宝,,,2026-05-18,2.0,100.0,200.0,图文广告店,,202605180010,APPROVED,其他,临时合格供应商,北京胸科医院IIT项目-临床项目启动会
启动会横幅制作,,,2026-05-18,1.0,100.0,100.0,图文广告店,,202605180010,APPROVED,其他,临时合格供应商,北京胸科医院IIT项目-临床项目启动会
水果拼盘及饮品（矿泉水）,,,2026-05-18,25.0,26.0,650.0,美团,,202605180010,APPROVED,其他,临时合格供应商,北京胸科医院IIT项目-临床项目启动会
50ml离心管,430829,25个/包,2026-02-26,50.0,34.75,1737.5,上海百赛生物技术股份有限公司北京分公司,Corning,202602260006,APPROVED,生产原料,合格供应商,通用项目
15ml离心管,430791,50个/包,2026-02-26,50.0,61.46,3073.0,上海百赛生物技术股份有限公司北京分公司,Corning,202602260006,APPROVED,生产原料,合格供应商,通用项目
培养瓶225m²,C0N-431082,5个/包,2026-02-26,15.0,140.735,2111.03,上海百赛生物技术股份有限公司北京分公司,Corning,202602260006,APPROVED,生产原料,合格供应商,通用项目
过滤器,无,无,2025-09-22,1.0,551.65,551.65,,,202509220008,APPROVED,其他,合格供应商,N/A
4分对丝,无,无,2025-09-22,2.0,4.45,8.9,,,202509220008,APPROVED,其他,合格供应商,N/A
4分三通,无,无,2025-09-22,1.0,19.71,19.71,,,202509220008,APPROVED,其他,合格供应商,N/A
PPR4分管,无,无,2025-09-22,2.0,28.8,57.6,,,202509220008,APPROVED,其他,合格供应商,N/A
PPR4分弯头,无,无,2025-09-22,1.0,15.21,15.21,,,202509220008,APPROVED,其他,合格供应商,N/A
PPR4分三通,无,无,2025-09-22,1.0,8.91,8.91,,,202509220008,APPROVED,其他,合格供应商,N/A
PPR4分外丝,无,无,2025-09-22,2.0,32.5,65.0,,,202509220008,APPROVED,其他,合格供应商,N/A
PPR4分接头,无,无,2025-09-22,1.0,8.91,8.91,,,202509220008,APPROVED,其他,合格供应商,N/A
110mmPVC管,无,无,2025-09-22,4.0,121.72,486.88,,,202509220008,APPROVED,其他,合格供应商,N/A
110mmPVC弯头,无,无,2025-09-22,2.0,21.6,43.2,,,202509220008,APPROVED,其他,合格供应商,N/A
PVC胶水,无,无,2025-09-22,2.0,23.9,47.8,,,202509220008,APPROVED,其他,合格供应商,N/A
110PVC管封堵,无,无,2025-09-22,4.0,2.03,8.12,,,202509220008,APPROVED,其他,合格供应商,N/A
110开孔器,无,无,2025-09-22,1.0,73.9,73.9,,,202509220008,APPROVED,其他,合格供应商,N/A
直接电表,无,无,2025-09-22,6.0,195.0,1170.0,,,202509220008,APPROVED,其他,合格供应商,N/A
直接电表,无,无,2025-09-22,1.0,64.32,64.32,,,202509220008,APPROVED,其他,合格供应商,N/A
表箱,无,无,2025-09-22,1.0,23.85,23.85,,,202509220008,APPROVED,其他,合格供应商,N/A
分线端子,无,无,2025-09-22,24.0,33.66,807.84,,,202509220008,APPROVED,其他,合格供应商,N/A
2.5红线,无,无,2025-09-22,1.0,127.0,127.0,,,202509220008,APPROVED,其他,合格供应商,N/A
2.5黄线,无,无,2025-09-22,1.0,127.0,127.0,,,202509220008,APPROVED,其他,合格供应商,N/A
2.5绿线,无,无,2025-09-22,1.0,127.0,127.0,,,202509220008,APPROVED,其他,合格供应商,N/A
压线端子,无,无,2025-09-22,2.0,7.9,15.8,,,202509220008,APPROVED,其他,合格供应商,N/A
25压线端子,无,无,2025-09-22,2.0,44.0,88.0,,,202509220008,APPROVED,其他,合格供应商,N/A
25压线端子,无,无,2025-09-22,5.0,18.42,92.1,,,202509220008,APPROVED,其他,合格供应商,N/A
25线缆,无,无,2025-09-22,35.0,27.5,962.5,,,202509220008,APPROVED,其他,合格供应商,N/A
焊接丝头,无,无,2025-09-22,20.0,2.0,40.0,,,202509220008,APPROVED,其他,合格供应商,N/A
内丝直通,无,无,2025-09-22,13.0,9.6,124.8,,,202509220008,APPROVED,其他,合格供应商,N/A
1.5²控制线,无,无,2025-09-22,1.0,150.1,150.1,,,202509220008,APPROVED,其他,合格供应商,N/A
导轨,无,无,2025-09-22,1.0,10.6,10.6,,,202509220008,APPROVED,其他,合格供应商,N/A
水表,无,无,2025-09-22,10.0,255.0,2550.0,,,202509220008,APPROVED,其他,合格供应商,N/A
气表,无,无,2025-09-22,5.0,920.0,4600.0,,,202509220008,APPROVED,其他,合格供应商,N/A
改BMS程序,无,无,2025-09-22,1.0,8414.0,8414.0,,,202509220008,APPROVED,其他,合格供应商,N/A
工业加湿器,无,无,2025-09-22,2.0,4800.0,9600.0,,,202509220008,APPROVED,其他,合格供应商,N/A
仪表计量,无,无,2025-09-22,1.0,3730.0,3730.0,,,202509220008,APPROVED,其他,合格供应商,N/A
高效过滤器,无,无,2025-09-22,1.0,23000.0,23000.0,,,202509220008,APPROVED,其他,合格供应商,N/A
变频器,无,无,2025-09-22,2.0,5417.2,10834.4,,,202509220008,APPROVED,其他,合格供应商,N/A
改造费,无,无,2025-09-22,1.0,27823.0,27823.0,,,202509220008,APPROVED,其他,合格供应商,N/A
再验证设备计量,无,无,2025-09-22,1.0,6071.0,6071.0,,,202509220008,APPROVED,其他,合格供应商,NA
再验证耗材,无,无,2025-09-22,1.0,3799.0,3799.0,,,202509220008,APPROVED,其他,合格供应商,NA
过滤器,无,无,2025-09-22,1.0,551.65,551.65,,,202509220008,APPROVED,其他,合格供应商,N/A
4分对丝,无,无,2025-09-22,2.0,4.45,8.9,,,202509220008,APPROVED,其他,合格供应商,N/A
4分三通,无,无,2025-09-22,1.0,19.71,19.71,,,202509220008,APPROVED,其他,合格供应商,N/A
PPR4分管,无,无,2025-09-22,2.0,28.8,57.6,,,202509220008,APPROVED,其他,合格供应商,N/A
PPR4分弯头,无,无,2025-09-22,1.0,15.21,15.21,,,202509220008,APPROVED,其他,合格供应商,N/A
PPR4分三通,无,无,2025-09-22,1.0,8.91,8.91,,,202509220008,APPROVED,其他,合格供应商,N/A
PPR4分外丝,无,无,2025-09-22,2.0,32.5,65.0,,,202509220008,APPROVED,其他,合格供应商,N/A
PPR4分接头,无,无,2025-09-22,1.0,8.91,8.91,,,202509220008,APPROVED,其他,合格供应商,N/A
110mmPVC管,无,无,2025-09-22,4.0,121.72,486.88,,,202509220008,APPROVED,其他,合格供应商,N/A
110mmPVC弯头,无,无,2025-09-22,2.0,21.6,43.2,,,202509220008,APPROVED,其他,合格供应商,N/A
PVC胶水,无,无,2025-09-22,2.0,23.9,47.8,,,202509220008,APPROVED,其他,合格供应商,N/A
110PVC管封堵,无,无,2025-09-22,4.0,2.03,8.12,,,202509220008,APPROVED,其他,合格供应商,N/A
110开孔器,无,无,2025-09-22,1.0,73.9,73.9,,,202509220008,APPROVED,其他,合格供应商,N/A
直接电表,无,无,2025-09-22,6.0,195.0,1170.0,,,202509220008,APPROVED,其他,合格供应商,N/A
直接电表,无,无,2025-09-22,1.0,64.32,64.32,,,202509220008,APPROVED,其他,合格供应商,N/A
表箱,无,无,2025-09-22,1.0,23.85,23.85,,,202509220008,APPROVED,其他,合格供应商,N/A
分线端子,无,无,2025-09-22,24.0,33.66,807.84,,,202509220008,APPROVED,其他,合格供应商,N/A
2.5红线,无,无,2025-09-22,1.0,127.0,127.0,,,202509220008,APPROVED,其他,合格供应商,N/A
2.5黄线,无,无,2025-09-22,1.0,127.0,127.0,,,202509220008,APPROVED,其他,合格供应商,N/A
2.5绿线,无,无,2025-09-22,1.0,127.0,127.0,,,202509220008,APPROVED,其他,合格供应商,N/A
压线端子,无,无,2025-09-22,2.0,7.9,15.8,,,202509220008,APPROVED,其他,合格供应商,N/A
25压线端子,无,无,2025-09-22,2.0,44.0,88.0,,,202509220008,APPROVED,其他,合格供应商,N/A
25压线端子,无,无,2025-09-22,5.0,18.42,92.1,,,202509220008,APPROVED,其他,合格供应商,N/A
25线缆,无,无,2025-09-22,35.0,27.5,962.5,,,202509220008,APPROVED,其他,合格供应商,N/A
焊接丝头,无,无,2025-09-22,20.0,2.0,40.0,,,202509220008,APPROVED,其他,合格供应商,N/A
内丝直通,无,无,2025-09-22,13.0,9.6,124.8,,,202509220008,APPROVED,其他,合格供应商,N/A
1.5²控制线,无,无,2025-09-22,1.0,150.1,150.1,,,202509220008,APPROVED,其他,合格供应商,N/A
导轨,无,无,2025-09-22,1.0,10.6,10.6,,,202509220008,APPROVED,其他,合格供应商,N/A
水表,无,无,2025-09-22,10.0,255.0,2550.0,,,202509220008,APPROVED,其他,合格供应商,N/A
气表,无,无,2025-09-22,5.0,920.0,4600.0,,,202509220008,APPROVED,其他,合格供应商,N/A
改BMS程序,无,无,2025-09-22,1.0,8414.0,8414.0,,,202509220008,APPROVED,其他,合格供应商,N/A
工业加湿器,无,无,2025-09-22,2.0,4800.0,9600.0,,,202509220008,APPROVED,其他,合格供应商,N/A
仪表计量,无,无,2025-09-22,1.0,3730.0,3730.0,,,202509220008,APPROVED,其他,合格供应商,N/A
变频器,无,无,2025-09-22,2.0,5417.2,10834.4,,,202509220008,APPROVED,其他,合格供应商,N/A
改造费,无,无,2025-09-22,1.0,27823.0,27823.0,,,202509220008,APPROVED,其他,合格供应商,N/A
再验证设备计量,无,无,2025-09-22,1.0,6071.0,6071.0,,,202509220008,APPROVED,其他,合格供应商,NA
再验证耗材,无,无,2025-09-22,1.0,3799.0,3799.0,,,202509220008,APPROVED,其他,合格供应商,NA
无血清培养基,88-581-CM,1L/瓶,2026-03-18,2.0,535.0,1070.0,北京赛泰克生物科技有限公司,康宁,202603180005,APPROVED,生产原料,合格供应商,CIK
FLuc mRNA,R0202,1毫克,2025-08-27,4.0,24000.0,96000.0,迈安纳（上海）科技有限公司,迈安纳（上海）科技有限公司,202508270007,APPROVED,其他,合格供应商,LNP制剂研究
"醋酸盐缓冲液,500mL,pH3.5",BWZ8104-2016,"500mL/瓶,pH3.5",2025-08-27,1.0,108.0,108.0,北京林萘生物科技有限公司,伟业计量,202508270007,APPROVED,其他,合格供应商,通用项目
HUO Analogue-1,06040012500,100微克,2025-08-27,1.0,1200.0,1200.0,厦门赛诺邦格生物科技股份有限公司,厦门赛诺邦格生物科技股份有限公司,202508270007,APPROVED,其他,合格供应商,LNP制剂研究
HUO Analogue-2,06040012900,100微克,2025-08-27,1.0,1200.0,1200.0,厦门赛诺邦格生物科技股份有限公司,厦门赛诺邦格生物科技股份有限公司,202508270007,APPROVED,其他,合格供应商,LNP制剂研究
SNP16-4,06040022500,100微克,2025-08-27,1.0,1000.0,1000.0,厦门赛诺邦格生物科技股份有限公司,厦门赛诺邦格生物科技股份有限公司,202508270007,APPROVED,其他,合格供应商,LNP制剂研究
SNP17-4,06040022600,100微克,2025-08-27,1.0,1000.0,1000.0,厦门赛诺邦格生物科技股份有限公司,厦门赛诺邦格生物科技股份有限公司,202508270007,APPROVED,其他,合格供应商,LNP制剂研究
SNP24-1,06040019300,100微克,2025-08-27,1.0,1200.0,1200.0,厦门赛诺邦格生物科技股份有限公司,厦门赛诺邦格生物科技股份有限公司,202508270007,APPROVED,其他,合格供应商,LNP制剂研究
SNP26-1,06040021500,100微克,2025-08-27,1.0,1000.0,1000.0,厦门赛诺邦格生物科技股份有限公司,厦门赛诺邦格生物科技股份有限公司,202508270007,APPROVED,其他,合格供应商,LNP制剂研究
SNP35-1,06040023000,100微克,2025-08-27,1.0,1200.0,1200.0,厦门赛诺邦格生物科技股份有限公司,厦门赛诺邦格生物科技股份有限公司,202508270007,APPROVED,其他,合格供应商,LNP制剂研究
SNP35-2,06040023100,100微克,2025-08-27,1.0,1200.0,1200.0,厦门赛诺邦格生物科技股份有限公司,厦门赛诺邦格生物科技股份有限公司,202508270007,APPROVED,其他,合格供应商,LNP制剂研究
SNP36-1,06040022800,100微克,2025-08-27,1.0,1000.0,1000.0,厦门赛诺邦格生物科技股份有限公司,厦门赛诺邦格生物科技股份有限公司,202508270007,APPROVED,其他,合格供应商,LNP制剂研究
DHA-1,06040009300,100微克,2025-08-27,1.0,1000.0,1000.0,厦门赛诺邦格生物科技股份有限公司,厦门赛诺邦格生物科技股份有限公司,202508270007,APPROVED,其他,合格供应商,LNP制剂研究
DHA-3,06040010000,100微克,2025-08-27,1.0,1000.0,1000.0,厦门赛诺邦格生物科技股份有限公司,厦门赛诺邦格生物科技股份有限公司,202508270007,APPROVED,其他,合格供应商,LNP制剂研究
"1,2-二油醇-3-二甲基氨基-丙烷R-DODMA",06040009600,100微克,2025-08-27,1.0,1200.0,1200.0,厦门赛诺邦格生物科技股份有限公司,厦门赛诺邦格生物科技股份有限公司,202508270007,APPROVED,其他,合格供应商,LNP制剂研究
Lipid 5,06040018700,100微克,2025-08-27,1.0,1000.0,1000.0,厦门赛诺邦格生物科技股份有限公司,厦门赛诺邦格生物科技股份有限公司,202508270007,APPROVED,其他,合格供应商,LNP制剂研究
75%酒精,100070468235,2500ml/桶，8桶/件,2026-05-09,5.0,216.38,1081.9,京东,武杰,202605090010,APPROVED,生产原料,合格供应商,通用项目
抗酒精速干不掉色记号笔,100245123349,12支/盒,2026-05-09,1.0,140.0,140.0,京东,亚通,202605090010,APPROVED,生产原料,合格供应商,通用项目
耐高温高压灭菌医疗生物垃圾袋,110106009,50个/包,2026-05-09,2.0,138.87,277.74,京东,比克曼,202605090010,APPROVED,生产原料,合格供应商,通用项目
BeyoFCT FcR封闭剂(Human),C1752S,50test                   用于外周血流式检测,2026-03-27,1.0,698.0,698.0,北京中研华誉生物技术有限公司,碧云天,202603270013,APPROVED,其他,合格供应商,科委项目二
"醋酸盐缓冲液,500mL,pH3.5",BWZ8104-2016,"500mL/瓶,pH3.5",2026-03-27,1.0,108.0,108.0,北京林萘生物科技有限公司,伟业计量,202603270013,APPROVED,其他,合格供应商,通用项目
样本密度分离液,7912011,250ml/瓶,2026-03-25,5.0,276.0,1380.0,北京达科为生物技术有限公司,深圳市达科为生物工程有限公司,202603250012,APPROVED,生产原料,合格供应商,通用项目
人血白蛋白,,10g(20%:50ml)/瓶,2025-07-14,5.0,554.0,2770.0,东莞富怡互联网医院有限公司,深圳市卫光生物制品股份有限公司,202507140005,APPROVED,生产原料,合格供应商,NK
氯化钠注射液,,250没聊：2.25g,2025-07-14,80.0,8.0,640.0,东莞富怡互联网医院有限公司,安徽双鹤药业有限责任公司,202507140005,APPROVED,生产原料,合格供应商,NK
医用一次性防护服-175连体,TPP-SPC,,2026-02-26,300.0,15.0,4500.0,北京钎铧科技,奥美医疗用品股份有限公司,202602260010,APPROVED,生产原料,合格供应商,通用项目
50ml离心管,430829,25个/包,2026-05-09,25.0,34.75,868.75,上海百赛生物技术股份有限公司北京分公司,Corning,202605090006,PENDING,生产原料,合格供应商,通用项目
15ml离心管,430791,50个/包,2026-05-09,25.0,61.46,1536.5,上海百赛生物技术股份有限公司北京分公司,Corning,202605090006,PENDING,生产原料,合格供应商,通用项目
培养瓶225m²,C0N-431082,5个/包,2026-05-09,15.0,140.735,2111.03,上海百赛生物技术股份有限公司北京分公司,Corning,202605090006,PENDING,生产原料,合格供应商,通用项目
细胞筛,CON-431750,50个/箱,2026-05-09,1.0,604.7,604.7,上海百赛生物技术股份有限公司北京分公司,Corning,202605090006,PENDING,生产原料,合格供应商,通用项目
培养瓶75m²,C0N-430641,5个/包,2026-05-09,30.0,39.45,1183.5,上海百赛生物技术股份有限公司北京分公司,Corning,202605090006,PENDING,生产原料,合格供应商,通用项目
高温蒸汽布艺机,无,无,2025-09-22,1.0,599.0,599.0,京东,无,202509220002,APPROVED,其他,合格供应商,N/A
接触器,无,无,2025-04-29,1.0,47.11,47.11,京东,无,202504290004,APPROVED,其他,合格供应商,N/A
交换机,无,无,2025-04-29,2.0,69.0,138.0,,,202504290004,APPROVED,其他,合格供应商,N/A
鹭岛仪表,ZSLX-20,个,2025-10-18,2.0,255.0,510.0,京东自营,鹭岛,202510180002,APPROVED,设备,合格供应商,通用项目
5号电池,无,无,2025-10-11,2.0,25.4,50.8,京东,无,202510110004,APPROVED,其他,合格供应商,N/A
7好电池,无,无,2025-10-11,2.0,25.4,50.8,京东,无,202510110004,APPROVED,其他,合格供应商,N/A
拖把,无,无,2025-10-11,1.0,64.9,64.9,京东,无,202510110004,APPROVED,其他,合格供应商,N/A
尘推布,无,无,2025-10-11,2.0,16.85,33.7,京东,无,202510110004,APPROVED,其他,合格供应商,N/A
大盘纸,无,无,2025-10-11,2.0,98.89,197.78,京东,无,202510110004,APPROVED,其他,合格供应商,N/A
洗手液,无,无,2025-10-11,1.0,89.9,89.9,京东,无,202510110004,APPROVED,其他,合格供应商,N/A
茶叶,无,无,2025-10-11,2.0,59.9,119.8,京东,无,202510110004,APPROVED,其他,合格供应商,N/A
打印机硒鼓,无,无,2025-10-11,1.0,176.0,176.0,京东,无,202510110004,APPROVED,其他,合格供应商,N/A
打印机墨粉,无,无,2025-10-11,1.0,572.0,572.0,京东,无,202510110004,APPROVED,其他,合格供应商,N/A
培养瓶75m²,C0N-430641,5个/包,2025-12-02,60.0,39.45,2367.0,上海百赛生物技术股份有限公司北京分公司,Corning,202512020015,APPROVED,生产原料,合格供应商,通用项目
培养瓶225m²,C0N-431082,5个/包,2025-12-02,15.0,140.735,2111.03,上海百赛生物技术股份有限公司北京分公司,Corning,202512020015,APPROVED,生产原料,合格供应商,通用项目
250ml锥形离心管,376814,40个/箱,2025-12-02,3.0,465.0,1395.0,上海百赛生物技术股份有限公司北京分公司,Thermo,202512020015,APPROVED,生产原料,合格供应商,通用项目
培养瓶175m²,C0N-431080,5个/包,2025-12-02,10.0,77.35,773.5,上海百赛生物技术股份有限公司北京分公司,Corning,202512020015,APPROVED,生产原料,合格供应商,通用项目
包扎带,无,无,2025-08-12,40.0,3.75,150.0,京东,无,202508120001,APPROVED,其他,合格供应商,N/A
自喷漆,无,无,2025-08-12,10.0,6.8,68.0,,,202508120001,APPROVED,其他,合格供应商,N/A
NK细胞无血清培养基（2.0）,CT-001-4,,2026-03-26,4.0,500.0,2000.0,,,202603260005,APPROVED,生产原料,临时合格供应商,异体NK
NK-v,CT-001-5,,2026-03-26,6.0,59.0,354.0,,,202603260005,APPROVED,生产原料,临时合格供应商,异体NK
NK细胞无血清细胞冻存液,RC-070,,2026-03-26,2.0,900.0,1800.0,,,202603260005,APPROVED,生产原料,临时合格供应商,异体NK
人NK细胞高效扩增试剂盒（套装）（2.0）,CT-001,,2026-03-26,1.0,3400.0,3400.0,,三一造血,202603260005,APPROVED,生产原料,临时合格供应商,异体NK
25ml移液管,CON-4489,25个/包，8包/箱,2025-10-14,40.0,45.15,1806.0,上海百赛生物技术股份有限公司北京分公司,Corning,202510140017,APPROVED,生产原料,合格供应商,通用项目
支原体检测试剂盒,FM301-02,50test,2025-09-16,1.0,2310.0,2310.0,北京全式金生物技术股份有限公司,北京全式金生物技术股份有限公司,202509160009,APPROVED,其他,合格供应商,科委项目二
"醋酸盐缓冲液,500mL,pH3.5",BWZ8104-2016,"500mL/瓶,pH3.5",2025-09-16,1.0,108.0,108.0,北京林萘生物科技有限公司,伟业计量,202509160009,APPROVED,其他,合格供应商,通用项目
Human HGF ELISA Kit,PH385,,2025-11-25,1.0,3198.0,3198.0,碧云天,碧云天,202511250005,APPROVED,生产原料,合格供应商,2D MSC
TransDetect Luciferase Mycoplasma Detection Kit,FM301-02,50T,2026-04-15,1.0,2310.0,2310.0,全式金,全式金,202604150006,APPROVED,其他,合格供应商,NK细胞治疗
康卫仕 一次性使用真空采血管 蓝色PET塑料枸橼酸钠1:9（10ml）100支/盒,100112134021,10ml 100支,2026-03-26,2.0,92.8,185.6,京东,无,202603260009,APPROVED,其他,合格供应商,N/A
微网雾化器,M113,网筛为高分子材料,2026-05-06,,569.0,,京东鱼跃京东自营旗舰店,鱼跃医疗,202605060003,APPROVED,设备,临时合格供应商,北京胸科医院IIT项目
转移袋(Tr)200,Tr-200,200个/箱,2025-07-29,1.0,3200.0,3200.0,武汉桐康生物科技有限公司,苏州莱士输血器材有限公司,202507290020,APPROVED,生产原料,合格供应商,通用项目
PE anti-human CD184 (CXCR4) Antibody,306505,25T,2025-12-11,1.0,1103.0,1103.0,达科为,Biolegend,202512110017,APPROVED,生产原料,合格供应商,外泌体项目
大盘纸,无,无,2026-03-31,3.0,112.0,336.0,京东,无,202603310022,APPROVED,其他,合格供应商,N/A
黑色大垃圾袋,无,无,2026-03-31,5.0,15.84,79.2,,,202603310022,APPROVED,其他,合格供应商,N/A
A4纸,无,无,2026-03-31,1.0,170.0,170.0,,,202603310022,APPROVED,其他,合格供应商,N/A
洗涤灵,无,无,2026-03-31,1.0,30.5,30.5,,,202603310022,APPROVED,其他,合格供应商,N/A
文件袋,无,无,2026-03-31,3.0,23.18,69.54,,,202603310022,APPROVED,其他,合格供应商,N/A
皮质沙发清洁,无,无,2026-03-31,1.0,99.0,99.0,,,202603310022,APPROVED,其他,合格供应商,N/A
一次性纸杯,无,无,2026-03-31,3.0,14.36,43.08,,,202603310022,APPROVED,其他,合格供应商,N/A
抽纸,无,无,2026-03-31,1.0,66.8,66.8,,,202603310022,APPROVED,其他,合格供应商,N/A
一次性使用塑料血袋,Tr-100ml,500个/箱,2025-07-30,1.0,6400.0,6400.0,山东邦盛医疗器械有限公司,山东威高集团医用高分子制品股份有限公司,202507300010,REJECTED,生产原料,临时合格供应商,通用项目
一次性医用无菌橡胶外科手套,1031,100只/盒,2025-10-14,5.0,89.0,445.0,微采甄选医疗京东自营专区,河南振德医疗用品有限公司,202510140010,APPROVED,生产原料,临时合格供应商,通用项目
一次性医用无菌橡胶外科手套,1030,100只/盒,2025-10-14,5.0,89.0,445.0,微采甄选医疗京东自营专区,河南振德医疗用品有限公司,202510140010,APPROVED,生产原料,临时合格供应商,通用项目
一次性医用外科口罩,M74231718ZH0401-21,200只/4盒,2025-10-14,2.0,77.7,155.4,振德京东自营旗舰店,振德医疗用品股份有限公司,202510140010,APPROVED,生产原料,临时合格供应商,通用项目
灯带,无,无,2025-07-09,1.0,221.0,221.0,京东,无,202507090007,APPROVED,办公用品,合格供应商,N/A
乙酸铵,FZ-0011474-50g,,2025-04-24,1.0,37.0,37.0,北京建强伟业科技有限公司,fusion,202504240010,APPROVED,其他,合格供应商,CAD-HPLC仪器租赁服务
血清替代物SR,A2596102,500ml/瓶,2026-04-20,1.0,18905.64,18905.64,英潍捷基（上海）贸易有限公司,赛默飞,202604200002,APPROVED,生产原料,合格供应商,通用项目
杜氏磷酸盐缓冲液（DPBS）,14190250,500ml/瓶,2026-04-20,15.0,280.972,4214.58,英潍捷基（上海）贸易有限公司,赛默飞,202604200002,APPROVED,生产原料,合格供应商,通用项目
Human VEGF-A ELISA,ELH-VEGF-1,1 kit,2025-10-11,1.0,2894.0,2894.0,北京康鑫诺生物科技有限公司,瑞博奥,202510110012,APPROVED,其他,合格供应商,LNP制剂研究
"醋酸盐缓冲液,500mL,pH3.5",BWZ8104-2016,"500mL/瓶,pH3.5",2025-10-11,1.0,108.0,108.0,北京林萘生物科技有限公司,伟业计量,202510110012,APPROVED,其他,合格供应商,LNP制剂研究
Human bFGF ELISA,ELH-bFGF-1,1 kit,2025-10-11,1.0,2894.0,2894.0,北京康鑫诺生物科技有限公司,瑞博奥,202510110012,APPROVED,其他,合格供应商,LNP制剂研究
总外泌体分离试剂（从细胞培养基）,4478359,1 kit,2025-10-11,1.0,3642.0,3642.0,英潍捷基（上海）贸易有限公司,赛默飞,202510110012,APPROVED,其他,合格供应商,LNP制剂研究
RIPA 裂解和提取缓冲液,89900,100ml,2025-10-11,1.0,641.0,641.0,英潍捷基（上海）贸易有限公司,赛默飞,202510110012,APPROVED,其他,合格供应商,LNP制剂研究
细胞裂解缓冲液Ⅱ,FNN0021,100ml,2025-10-11,1.0,1646.0,1646.0,英潍捷基（上海）贸易有限公司,赛默飞,202510110012,APPROVED,其他,合格供应商,LNP制剂研究
Halt™ 蛋白酶抑制剂混合物，无 EDTA (100X),78425,24*100μl,2025-10-11,1.0,2065.0,2065.0,英潍捷基（上海）贸易有限公司,赛默飞,202510110012,APPROVED,其他,合格供应商,LNP制剂研究
洗涤灵,无,无,2025-07-07,2.0,16.9,33.8,京东,无,202507070011,APPROVED,办公用品,合格供应商,N/A
洗手液,无,无,2025-07-07,1.0,80.0,80.0,京东,无,202507070011,APPROVED,办公用品,合格供应商,N/A
订书机,无,无,2025-07-07,5.0,7.26,36.3,京东,无,202507070011,APPROVED,办公用品,合格供应商,N/A
文件盒,无,无,2025-07-07,1.0,39.6,39.6,京东,无,202507070011,APPROVED,办公用品,合格供应商,N/A
计算器,无,无,2025-07-07,3.0,9.34,28.02,京东,无,202507070011,APPROVED,办公用品,合格供应商,N/A
标签贴,无,无,2025-07-07,2.0,1.62,3.24,京东,无,202507070011,APPROVED,办公用品,合格供应商,N/A
记事本,无,无,2025-07-07,10.0,6.02,60.2,京东,无,202507070011,APPROVED,办公用品,合格供应商,N/A
回形针,无,无,2025-07-07,1.0,11.9,11.9,京东,无,202507070011,APPROVED,办公用品,合格供应商,N/A
Human HGF ELISA Kit检测试剂盒(酶联免疫吸附法),EK1H01,96T,2025-07-21,1.0,1590.0,1590.0,北京信至利达商贸有限公司,联科生物,202507210015,REJECTED,其他,合格供应商,干细胞建库
Human VEGF ELISA Kit检测试剂盒(酶联免疫吸附法),EK183,96T,2025-07-21,1.0,1590.0,1590.0,北京信至利达商贸有限公司,联科生物,202507210015,REJECTED,其他,合格供应商,干细胞建库
Human/Mouse TGF-β1 ELISA Kit 检测试剂盒(酶联免疫吸附法),EK981,96T,2025-07-21,1.0,1590.0,1590.0,北京信至利达商贸有限公司,联科生物,202507210015,REJECTED,其他,合格供应商,干细胞建库
无菌超细纤维无尘布,5007A09,100片/包,2025-12-01,30.0,70.0,2100.0,上海思而净洁净科技有限公司,上海思而净洁净科技有限公司,202512010011,APPROVED,生产原料,合格供应商,通用项目
琼脂糖凝胶电泳用加样蛋白上样枪头,1152469,96支/盒,2025-08-11,1.0,44.0,44.0,淘宝,赛默飞世尔,202508110013,APPROVED,其他,合格供应商,北检所
84消毒液,无,无,2025-06-19,1.0,70.61,70.61,京东,无,202506190017,APPROVED,办公用品,合格供应商,N/A
大盘纸,无,无,2025-06-19,2.0,106.0,212.0,京东,无,202506190017,APPROVED,办公用品,合格供应商,N/A
U盘,无,无,2025-06-19,5.0,32.9,164.5,京东,无,202506190017,APPROVED,办公用品,合格供应商,N/A
签字笔,无,无,2025-06-19,2.0,20.42,40.84,京东,无,202506190017,APPROVED,办公用品,合格供应商,N/A
按动笔芯,无,无,2025-06-19,1.0,14.02,14.02,京东,无,202506190017,APPROVED,办公用品,合格供应商,N/A
凤尾夹（50mm）,无,无,2025-06-19,2.0,6.41,12.82,京东,无,202506190017,APPROVED,办公用品,合格供应商,N/A
笔记本,无,无,2025-06-19,1.0,23.59,23.59,京东,无,202506190017,APPROVED,办公用品,合格供应商,N/A
文件夹,无,无,2025-06-19,1.0,43.64,43.64,京东,无,202506190017,APPROVED,办公用品,合格供应商,N/A
剪刀,无,无,2025-06-19,3.0,8.28,24.84,京东,无,202506190017,APPROVED,办公用品,合格供应商,N/A
A4纸,无,无,2025-06-19,2.0,183.0,366.0,京东,无,202506190017,APPROVED,办公用品,合格供应商,N/A
茶叶,无,无,2025-06-19,2.0,94.5,189.0,京东,无,202506190017,APPROVED,办公用品,合格供应商,N/A
EB病毒衣壳抗原IgM抗体检测试剂盒,24032904,20人份/盒,2025-08-07,1.0,169.0,169.0,京东,北京中检安泰诊断科技有限公司,202508070003,APPROVED,其他,合格供应商,UC-MSC
巨细胞病毒IgM抗体检测试剂盒,N/A,25人份/盒,2025-08-07,1.0,344.0,344.0,京东,艾博生物医药（杭州）有限公司,202508070003,APPROVED,其他,合格供应商,UC-MSC
甲型肝炎病毒IgM抗体检测试剂盒,N/A,20人份/盒,2025-08-07,1.0,140.0,140.0,京东,北京中检安泰诊断科技有限公司,202508070003,APPROVED,其他,合格供应商,UC-MSC
黑色大垃圾袋,无,无,2025-05-19,5.0,15.0,75.0,京东,无,202505190020,APPROVED,办公用品,合格供应商,N/A
大盘纸,无,无,2025-05-19,3.0,113.0,339.0,京东,无,202505190020,APPROVED,办公用品,合格供应商,N/A
一次性纸杯,无,无,2025-05-19,3.0,12.26,36.78,京东,无,202505190020,APPROVED,办公用品,合格供应商,N/A
胶带,无,无,2025-05-19,1.0,21.9,21.9,京东,无,202505190020,APPROVED,办公用品,合格供应商,N/A
彩色墨粉,无,无,2025-05-19,1.0,583.2,583.2,京东,无,202505190020,APPROVED,办公用品,合格供应商,N/A
"硫乙醇酸盐流体培养
基",HBPP5190-500,500ml/12瓶/箱,2026-04-17,1.0,240.0,240.0,北京中研华誉生物技术有限公司,青岛高科技工业园海博生物技术有限公司,202604170014,APPROVED,其他,合格供应商,科委项目二
"醋酸盐缓冲液,500mL,pH3.5",BWZ8104-2016,"500mL/瓶,pH3.5",2026-04-17,1.0,108.0,108.0,北京林萘生物科技有限公司,伟业计量,202604170014,APPROVED,其他,合格供应商,通用项目
TSA(90mm）,CP0201C,15袋/箱,2025-09-22,3.0,435.0,1305.0,广东环凯微生物科技有限公司,广东环凯微生物科技有限公司,202509220007,APPROVED,其他,合格供应商,通用项目
TSA(55mm）,CP0201J,14袋/箱,2025-09-22,2.0,406.0,812.0,广东环凯微生物科技有限公司,广东环凯微生物科技有限公司,202509220007,APPROVED,其他,合格供应商,通用项目
CD3单克隆抗体,GMP-TL101-0500,500μg/支,2026-01-26,1.0,700.0,700.0,北京安杰诺科技有限公司,北京同立海源生物科技有限公司,202601260004,APPROVED,其他,合格供应商,科委项目二
"醋酸盐缓冲液,500mL,pH3.5",BWZ8104-2016,"500mL/瓶,pH3.5",2026-01-26,1.0,108.0,108.0,北京林萘生物科技有限公司,伟业计量,202601260004,APPROVED,其他,合格供应商,通用项目
碱性碘化汞钾试液(HJ 535-2009 二氯化汞-碘化钾-氢氧化钾),BWZ8113-2016,500ml/瓶,2025-06-30,1.0,672.0,672.0,北京林萘生物科技有限公司,伟业计量,202506300006,APPROVED,其他,合格供应商,通用项目
"醋酸盐缓冲液,500mL,pH3.5",BWZ8104-2016,"500mL/瓶,pH3.5",2025-06-30,1.0,108.0,108.0,北京林萘生物科技有限公司,伟业计量,202506300006,APPROVED,其他,合格供应商,通用项目
75%医用酒精消毒棉球,3754961,90粒/瓶,2026-02-26,20.0,8.51,170.2,京东,海氏海诺,202602260002,APPROVED,生产原料,合格供应商,通用项目
医疗垃圾袋,100208859929,90cm*100cm(50个/包）,2026-02-26,4.0,36.99,147.96,京东,家馨洁,202602260002,APPROVED,生产原料,合格供应商,通用项目
蒸馏水,1044728,4.5L*4桶/箱,2026-02-26,10.0,46.24,462.4,京东,屈臣氏,202602260002,APPROVED,生产原料,合格供应商,通用项目
一次性使用灭菌橡胶外科手套7.5号,100078560377,2只/袋50袋/盒,2026-02-26,5.0,93.15,465.75,京东,稳健,202602260002,APPROVED,生产原料,合格供应商,通用项目
一次性使用灭菌橡胶外科手套7.0号,10082164616,2只/袋50袋/盒,2026-02-26,5.0,93.15,465.75,京东,稳健,202602260002,APPROVED,生产原料,合格供应商,通用项目
50ml注射器,100053424679,10支/包,2026-02-26,20.0,20.1,402.0,京东,康德莱,202602260002,APPROVED,生产原料,合格供应商,通用项目
医用外科口罩,100040934103,50只/盒，4盒/包,2026-02-26,6.0,79.2,475.2,京东,振德医疗,202602260002,APPROVED,生产原料,合格供应商,通用项目
抗人CD28单克隆抗体,GMP-TL102-0500,,2025-12-16,1.0,700.0,700.0,同立海源,同立海源,202512160011,APPROVED,生产原料,合格供应商,2D MSC
抗人CD3单克隆抗体,GMP-TL101-0500,,2025-12-16,1.0,700.0,700.0,同立海源,同立海源,202512160011,APPROVED,生产原料,合格供应商,2D MSC
无血清培养基,88-581-CM,1L/瓶,2025-12-18,2.0,490.0,980.0,北京赛泰克生物科技有限公司,康宁,202512180008,APPROVED,生产原料,合格供应商,CIK
细胞培养袋,NCB-22H,50个/箱,2026-02-26,1.0,6150.0,6150.0,埃克森（北京）科技有限公司,NIPRO,202602260005,APPROVED,生产原料,合格供应商,通用项目
衡洁  75%酒精,100177802156,75%  2.5L/桶,2025-08-12,5.0,22.0,110.0,武洁（VUJEEN)医疗保健京东自营旗舰店,河北瑞圭医药科技有限公司,202508120009,APPROVED,其他,合格供应商,通用项目
"醋酸盐缓冲液,500mL,pH3.5",BWZ8104-2016,"500mL/瓶,pH3.5",2025-08-12,1.0,108.0,108.0,北京林萘生物科技有限公司,伟业计量,202508120009,APPROVED,其他,合格供应商,通用项目
抗体激活剂,10970,2ml/支,2025-10-22,2.0,1500.0,3000.0,北京麦格珀尔生物科技有限公司,STEM CELL,202510220002,APPROVED,生产原料,合格供应商,CAR-T
CTS Optimizer T细胞扩增培养基,A37040-01,1000ml/瓶,2025-10-31,1.0,2275.5,2275.5,赛默飞,赛默飞,202510310018,APPROVED,生产原料,合格供应商,CAR-T
无血清培养基,88-581-CM,1L/瓶,2025-07-24,6.0,490.0,2940.0,北京赛泰克生物科技有限公司,Corning,202507240005,APPROVED,生产原料,合格供应商,CIK
为度 CD3-PE,S0008,100T,2025-02-26,1.0,384.0,384.0,苏州为度生物技术有限公司天津分公司,苏州为度,202502260012,APPROVED,生产原料,合格供应商,科委项目二
医用75%酒精,100104529304,500ml/瓶、30瓶/箱,2026-03-17,1.0,160.64,160.64,京东,利尔康,202603170001,APPROVED,生产原料,合格供应商,通用项目
CD3-FITC,A6072,100T,2026-03-31,1.0,852.0,852.0,北京旷博生物技术股份有限公司,为度生物,202603310021,APPROVED,其他,合格供应商,NK细胞治疗
IgG1-FITC,S0264,100T,2026-03-31,1.0,624.0,624.0,北京旷博生物技术股份有限公司,为度生物,202603310021,APPROVED,其他,合格供应商,NK细胞治疗
CD56-PE,A6813,100T,2026-03-31,1.0,1493.0,1493.0,北京旷博生物技术股份有限公司,为度生物,202603310021,APPROVED,其他,合格供应商,NK细胞治疗
IgG2a-PE,S0275,100T,2026-03-31,1.0,762.0,762.0,北京旷博生物技术股份有限公司,为度生物,202603310021,APPROVED,其他,合格供应商,NK细胞治疗
F7过滤器,无,595*595*20*300*6P,2026-04-14,18.0,83.19,1497.42,,,202604140020,PENDING,其他,合格供应商,N/A
F7过滤器,无,595*290*20*300*3P,2026-04-14,17.0,56.25,956.25,,,202604140020,PENDING,其他,合格供应商,N/A
F9过滤器,无,595*290*20*300*3P,2026-04-14,15.0,60.32,904.8,,,202604140020,PENDING,其他,合格供应商,N/A
F9过滤器,无,595*595*20*550*6P,2026-04-14,15.0,112.76,1691.4,,,202604140020,PENDING,其他,合格供应商,N/A
TSA(90mm）,CP0201C,15袋/箱,2025-05-15,2.0,435.0,870.0,广东环凯微生物科技有限公司,广东环凯微生物科技有限公司,202505150015,APPROVED,其他,合格供应商,通用项目
CD3-FITC,S0012,100T,2025-05-15,1.0,371.0,371.0,为度生物,为度生物,202505150015,APPROVED,其他,合格供应商,NK细胞治疗
IgG1-FITC,S0264,100T,2025-05-15,1.0,624.0,624.0,为度生物,为度生物,202505150015,APPROVED,其他,合格供应商,NK细胞治疗
CD56-PE,S0182,100T,2025-05-15,1.0,1493.0,1493.0,为度生物,为度生物,202505150015,APPROVED,其他,合格供应商,NK细胞治疗
IgG2a-PE,S0275,100T,2025-05-15,1.0,762.0,762.0,为度生物,为度生物,202505150015,APPROVED,其他,合格供应商,NK细胞治疗
24孔玻底培养板,801006,NA,2025-09-12,2.0,50.0,100.0,北京鼎盛兴创生物科技有限公司,无锡耐思生命科技股份有限公司,202509120010,APPROVED,其他,合格供应商,LNP制剂研究
"醋酸盐缓冲液,500mL,pH3.5",BWZ8104-2016,"500mL/瓶,pH3.5",2025-09-12,1.0,108.0,108.0,北京林萘生物科技有限公司,伟业计量,202509120010,APPROVED,其他,合格供应商,通用项目
AO/PI染料,N3AP050,5ml/瓶,2025-09-02,2.0,786.0,1572.0,微光智控（北京）科技有限公司,广州牛顿光学研究院有限公司,202509020007,APPROVED,生产原料,合格供应商,通用项目
热敏纸,100009216097,57mm*50mm,2025-09-25,32.0,0.92,29.44,京东,得力,202509250025,APPROVED,其他,合格供应商,通用项目
人血小板裂解物,EPAGMP-050,50ml/瓶,2026-03-24,1.0,2207.0,2207.0,北京达科为生物技术有限公司,EliteCell,202603240020,APPROVED,生产原料,合格供应商,间充质干细胞
G4过滤器,无,595*595*46mm,2025-10-15,60.0,45.65,2739.0,,,202510150007,APPROVED,其他,合格供应商,N/A
F7过滤器,无,595*595*20*300*6P,2025-10-15,34.0,83.19,2828.46,,,202510150007,APPROVED,其他,合格供应商,N/A
F9过滤器,无,595*595*20*550*6P,2025-10-15,26.0,112.76,2931.76,,,202510150007,APPROVED,其他,合格供应商,N/A
医用一次性防护服-180连体,TPP-SPC,,2025-09-26,100.0,15.0,1500.0,北京钎铧科技,奥美医疗用品股份有限公司,202509260014,APPROVED,其他,合格供应商,通用项目
人ApoE4重组蛋白,350-04-100UG,100微克,2025-08-20,1.0,546.75,546.75,英潍捷基（上海）贸易有限公司,赛默飞,202508200009,APPROVED,其他,合格供应商,LNP制剂研究
"醋酸盐缓冲液,500mL,pH3.5",BWZ8104-2016,"500mL/瓶,pH3.5",2025-08-20,1.0,108.0,108.0,北京林萘生物科技有限公司,伟业计量,202508200009,APPROVED,其他,合格供应商,LNP制剂研究
白色透明平底带盖灭菌96孔板,3610,48个,2025-08-20,1.0,1793.0,1793.0,上海百赛生物技术股份有限公司北京分公司,Corning,202508200009,APPROVED,其他,合格供应商,LNP制剂研究
支原体检测试剂盒,FM301-02,50test,2025-11-04,1.0,2310.0,2310.0,北京全式金生物技术股份有限公司,北京全式金生物技术股份有限公司,202511040002,APPROVED,其他,合格供应商,科委项目二
"醋酸盐缓冲液,500mL,pH3.5",BWZ8104-2016,"500mL/瓶,pH3.5",2025-11-04,1.0,108.0,108.0,北京林萘生物科技有限公司,伟业计量,202511040002,APPROVED,其他,合格供应商,通用项目
"硫乙醇酸盐流体培养
基",HBPP5190-500,500ml/12瓶/箱,2026-01-15,1.0,240.0,240.0,北京中研华誉生物技术有限公司,青岛高科技工业园海博生物技术有限公司,202601150003,APPROVED,其他,合格供应商,科委项目二
"醋酸盐缓冲液,500mL,pH3.5",BWZ8104-2016,"500mL/瓶,pH3.5",2026-01-15,1.0,108.0,108.0,北京林萘生物科技有限公司,伟业计量,202601150003,APPROVED,其他,合格供应商,通用项目
UltraGRO™ Advanced,HPCFDCGL50,500ml/瓶,2026-01-13,2.0,14500.0,29000.0,上海华雅思创生物科技有限公司,HELIOS,202601130005,APPROVED,生产原料,合格供应商,MSC 及外泌体
Thermo*Gibco,11965092,500ml/瓶,2026-01-13,5.0,450.0,2250.0,上海华雅思创生物科技有限公司,Gibco,202601130005,APPROVED,生产原料,合格供应商,3D MSC
CryoStor CS10 冻存液,100-1061,100ml/瓶,2026-01-13,2.0,2850.0,5700.0,上海华雅思创生物科技有限公司,BIOLIFE,202601130005,APPROVED,生产原料,合格供应商,细胞生产
MEM Alpha Modification,SH30265.01,500ml/瓶,2025-07-02,40.0,80.0,3200.0,上海华雅思创生物科技有限公司,Hyclone,202507020023,APPROVED,生产原料,合格供应商,2D MSC
UltraGRO™ Advanced,HPCFDCGL50,500ml/瓶,2025-07-02,2.0,14500.0,29000.0,上海华雅思创生物科技有限公司,HELIOS,202507020023,APPROVED,生产原料,合格供应商,2D MSC
TrypLE Express,12604-021,500ml/瓶,2025-07-02,2.0,696.0,1392.0,上海华雅思创生物科技有限公司,Gibco,202507020023,APPROVED,生产原料,合格供应商,2D MSC
T175瓶,159910,30个/箱,2025-07-02,6.0,450.0,2700.0,上海华雅思创生物科技有限公司,Thermo,202507020023,APPROVED,生产原料,合格供应商,2D MSC
CryoStor CS10 冻存液,100-1061,100ml/瓶,2025-07-02,2.0,2850.0,5700.0,上海华雅思创生物科技有限公司,BIOLIFE,202507020023,APPROVED,生产原料,合格供应商,2D MSC
万孚艾滋病检测试纸HIV-TP梅毒-HBsAg乙肝-HCV丙肝血液检测试剂四联卡,N/A,1T,2025-07-21,2.0,89.0,178.0,京东,万孚,202507210016,APPROVED,其他,合格供应商,干细胞建库
万孚（Wondfo）乙肝五项 两对半 检测试纸 大小三阳 HBV抗体抗原 1盒,TM0245,1T,2025-07-21,2.0,51.21,102.42,京东,万孚,202507210016,APPROVED,其他,合格供应商,干细胞建库
康卫仕一次性使用真空采血管,无,10ml,2025-06-24,1.0,68.5,68.5,京东,无,202506240006,APPROVED,其他,合格供应商,N/A
康卫仕一次性使用真空采血管,无,5ml,2025-06-24,1.0,43.9,43.9,京东,无,202506240006,APPROVED,其他,合格供应商,N/A
洗手液,无,无,2025-04-18,1.0,88.0,88.0,京东,无,202504180007,APPROVED,办公用品,合格供应商,N/A
大盘纸,无,无,2025-04-18,3.0,99.96,299.88,京东,无,202504180007,APPROVED,办公用品,合格供应商,N/A
一次性手套,无,无,2025-04-18,1.0,449.0,449.0,京东,无,202504180007,APPROVED,办公用品,合格供应商,N/A
高清线,无,无,2025-04-18,2.0,19.46,38.92,京东,无,202504180007,APPROVED,办公用品,合格供应商,N/A
"硫乙醇酸盐流体培养
基",HBPP5190-500,500ml/12瓶/箱,2025-10-14,1.0,240.0,240.0,北京中研华誉生物技术有限公司,青岛高科技工业园海博生物技术有限公司,202510140014,APPROVED,其他,合格供应商,科委项目二
"醋酸盐缓冲液,500mL,pH3.5",BWZ8104-2016,"500mL/瓶,pH3.5",2025-10-14,1.0,108.0,108.0,北京林萘生物科技有限公司,伟业计量,202510140014,APPROVED,其他,合格供应商,通用项目
乙酸铵,FZ-0011474-50g,,2025-04-23,1.0,37.0,37.0,北京建强伟业科技有限公司,fusion,202504230010,REJECTED,其他,合格供应商,健达
支原体检测试剂盒,FM301-02,50test,2025-12-18,1.0,2310.0,2310.0,北京全式金生物技术股份有限公司,北京全式金生物技术股份有限公司,202512180012,APPROVED,其他,合格供应商,科委项目二
"醋酸盐缓冲液,500mL,pH3.5",BWZ8104-2016,"500mL/瓶,pH3.5",2025-12-18,1.0,108.0,108.0,北京林萘生物科技有限公司,伟业计量,202512180012,APPROVED,其他,合格供应商,通用项目
A4横板凭证封面,无,50张/包,2026-03-23,2.0,20.41,40.82,京东,无,202603230010,APPROVED,其他,合格供应商,N/A
CytoFLEX/DxFLEX/MoFlo即用型日常QC微球,C65719,20ml/每盒。用于流式细胞仪日常质控,2026-04-09,1.0,4935.0,4935.0,北京中研华誉生物技术有限公司,贝克曼,202604090003,APPROVED,其他,合格供应商,科委项目二
"醋酸盐缓冲液,500mL,pH3.5",BWZ8104-2016,"500mL/瓶,pH3.5",2026-04-09,1.0,108.0,108.0,北京林萘生物科技有限公司,伟业计量,202604090003,APPROVED,其他,合格供应商,通用项目
细胞培养袋,NCB-22H,50个/箱,2025-06-30,1.0,6150.0,6150.0,埃克森（北京）科技有限公司,NIPRO,202506300001,APPROVED,生产原料,合格供应商,CAR-T
A4纸,无,无,2025-08-21,2.0,176.9,353.8,京东,无,202508210008,APPROVED,办公用品,合格供应商,N/A
投屏转换器,无,无,2025-08-21,2.0,49.9,99.8,京东,无,202508210008,APPROVED,办公用品,合格供应商,N/A
凤尾夹,无,无,2025-08-21,2.0,8.28,16.56,京东,无,202508210008,APPROVED,办公用品,合格供应商,N/A
白板擦,无,无,2025-08-21,5.0,6.7,33.5,京东,无,202508210008,APPROVED,办公用品,合格供应商,N/A
尺子,无,无,2025-08-21,5.0,1.47,7.35,京东,无,202508210008,APPROVED,办公用品,合格供应商,N/A
大盘纸,无,无,2025-08-21,2.0,109.2,218.4,京东,无,202508210008,APPROVED,办公用品,合格供应商,N/A
拖把,无,无,2025-08-21,1.0,98.58,98.58,京东,无,202508210008,APPROVED,办公用品,合格供应商,N/A
地面清洗,无,无,2025-08-21,5.0,8.4,42.0,京东,无,202508210008,APPROVED,办公用品,合格供应商,N/A
250ml锥形离心管,376814,40个/箱,2025-08-06,3.0,465.0,1395.0,上海百赛生物技术股份有限公司北京分公司,赛默飞,202508060011,APPROVED,其他,合格供应商,通用项目
标签打印机,TSC244PRO,台,2026-04-03,1.0,940.0,940.0,京东,TSC,202604030003,APPROVED,办公用品,合格供应商,通用项目
不干胶热敏标签打印纸,NA,6卷/包,2026-04-03,1.0,29.0,29.0,京东,汉步,202604030003,APPROVED,办公用品,合格供应商,通用项目
90*300蜡基碳带,NA,卷,2026-04-03,1.0,26.0,26.0,京东,汉步,202604030003,APPROVED,办公用品,合格供应商,通用项目
90*300树脂碳带,NA,卷,2026-04-03,1.0,92.0,92.0,京东,汉步,202604030003,APPROVED,办公用品,合格供应商,通用项目
工业用标准需氧培养瓶,259786,N/A,2025-07-23,12.0,55.0,660.0,北京万隆和科技有限公司,梅里埃,202507230011,APPROVED,其他,合格供应商,通用项目
"醋酸盐缓冲液,500mL,pH3.5",BWZ8104-2016,"500mL/瓶,pH3.5",2025-07-23,1.0,108.0,108.0,北京林萘生物科技有限公司,伟业计量,202507230011,APPROVED,其他,合格供应商,通用项目
10层细胞工厂,771302,,2025-08-07,4.0,2298.0,9192.0,无锡耐思生命科技股份有限公司,无锡耐思生命科技股份有限公司,202508070013,APPROVED,生产原料,合格供应商,2D MSC
甲酸,FZ-0012508-500ml,500ml/瓶,2025-04-25,1.0,380.0,380.0,北京建强伟业科技有限公司,fusion,202504250007,REJECTED,其他,合格供应商,CAD-HPLC仪器租赁服务
控制器,无,无,2025-05-15,1.0,8432.0,8432.0,京东,无,202505150013,APPROVED,其他,合格供应商,N/A
臭氧发生器电晕管,无,无,2025-07-30,2.0,280.0,560.0,京东,无,202507300023,APPROVED,其他,临时合格供应商,N/A
免疫细胞修复培养基,NC0102.F,200ml/瓶,2026-01-12,5.0,1542.0,7710.0,友康厚德生物制品（北京）有限公司,友康厚德生物制品（北京）有限公司,202601120001,APPROVED,生产原料,合格供应商,NK
NK细胞无血清培养基,NC0102,1000ml/瓶,2026-01-12,10.0,407.0,4070.0,友康厚德生物制品（北京）有限公司,友康厚德生物制品（北京）有限公司,202601120001,APPROVED,生产原料,合格供应商,NK
超纯NK试剂盒50ml,AN0104.2,NA,2026-01-12,5.0,1494.0,7470.0,友康厚德生物制品（北京）有限公司,友康厚德生物制品（北京）有限公司,202601120001,APPROVED,生产原料,合格供应商,NK
免疫细胞修复培养基,NC0102.F,200ml/瓶,2026-03-10,5.0,1542.0,7710.0,友康厚德生物制品（北京）有限公司,友康厚德生物制品（北京）有限公司,202603100001,APPROVED,生产原料,合格供应商,NK
NK细胞无血清培养基,NC0102,1000ml/瓶,2026-03-10,10.0,407.0,4070.0,友康厚德生物制品（北京）有限公司,友康厚德生物制品（北京）有限公司,202603100001,APPROVED,生产原料,合格供应商,NK
超纯NK试剂盒50ml,AN0104.2,NA,2026-03-10,5.0,1494.0,7470.0,友康厚德生物制品（北京）有限公司,友康厚德生物制品（北京）有限公司,202603100001,APPROVED,生产原料,合格供应商,NK
eGFP LNP,RP-A00016-50,50微克,2025-08-18,1.0,1600.0,1600.0,南京金斯瑞生物科技有限公司,南京金斯瑞生物科技有限公司,202508180002,APPROVED,其他,合格供应商,LNP制剂研究
"醋酸盐缓冲液,500mL,pH3.5",BWZ8104-2016,"500mL/瓶,pH3.5",2025-08-18,1.0,108.0,108.0,北京林萘生物科技有限公司,伟业计量,202508180002,APPROVED,其他,合格供应商,通用项目
集菌培养器,APY330C,48套/箱,2026-04-10,1.0,1392.0,1392.0,北京中研华誉生物技术有限公司,杭州盈天科学仪器有限公司,202604100002,APPROVED,其他,合格供应商,科委项目二
"醋酸盐缓冲液,500mL,pH3.5",BWZ8104-2016,"500mL/瓶,pH3.5",2026-04-10,1.0,108.0,108.0,北京林萘生物科技有限公司,伟业计量,202604100002,APPROVED,其他,合格供应商,通用项目
办公桌组,无,无,2026-05-09,1.0,1565.23,1565.23,京东,无,202605090003,APPROVED,其他,合格供应商,N/A
黑色小垃圾袋,无,无,2026-05-09,1.0,23.2,23.2,,,202605090003,APPROVED,其他,合格供应商,N/A
文件袋,无,无,2026-05-09,2.0,11.52,23.04,,,202605090003,APPROVED,其他,合格供应商,N/A
洁厕灵,无,无,2026-05-09,1.0,88.6,88.6,,,202605090003,APPROVED,其他,合格供应商,N/A
打印机黑色墨粉,无,无,2026-05-09,2.0,312.25,624.5,,,202605090003,APPROVED,其他,合格供应商,N/A
打印机感光鼓,无,无,2026-05-09,2.0,322.75,645.5,,,202605090003,APPROVED,其他,合格供应商,N/A
打印机纸盒搓纸轮,无,无,2026-05-09,1.0,141.0,141.0,,,202605090003,APPROVED,其他,合格供应商,N/A
A4纸,无,无,2026-05-09,3.0,164.8,494.4,,,202605090003,APPROVED,其他,合格供应商,N/A
大盘纸,无,无,2026-05-09,2.0,110.5,221.0,,,202605090003,APPROVED,其他,合格供应商,N/A
84消毒剂,无,无,2026-05-09,1.0,115.0,115.0,,,202605090003,APPROVED,其他,合格供应商,N/A
燕尾夹,无,无,2026-05-09,2.0,7.56,15.12,,,202605090003,APPROVED,其他,合格供应商,N/A
南孚5号电池,无,无,2025-03-10,2.0,25.4,50.8,京东,无,202503100003,APPROVED,办公用品,合格供应商,N/A
大盘纸,无,无,2025-03-10,2.0,97.68,195.36,京东,无,202503100003,APPROVED,办公用品,合格供应商,N/A
A4纸,无,"A4,500张/包  10包/箱",2025-03-10,2.0,181.5,363.0,京东,无,202503100003,APPROVED,办公用品,合格供应商,N/A
签字笔,无,无,2025-03-10,2.0,18.81,37.62,京东,无,202503100003,APPROVED,办公用品,合格供应商,N/A
洗涤灵,无,无,2025-03-10,1.0,13.38,13.38,京东,无,202503100003,APPROVED,办公用品,合格供应商,N/A
50mm凤尾夹,无,无,2025-03-10,2.0,12.8,25.6,京东,无,202503100003,APPROVED,办公用品,合格供应商,N/A
免疫细胞修复培养基,NC0102.F,200ml/瓶,2026-01-15,5.0,1542.0,7710.0,友康厚德生物制品（北京）有限公司,友康厚德生物制品（北京）有限公司,202601150010,APPROVED,生产原料,合格供应商,NK
NK细胞无血清培养基,NC0102,1000ml/瓶,2026-01-15,10.0,407.0,4070.0,友康厚德生物制品（北京）有限公司,友康厚德生物制品（北京）有限公司,202601150010,APPROVED,生产原料,合格供应商,NK
超纯NK试剂盒50ml,AN0104.2,NA,2026-01-15,5.0,1494.0,7470.0,友康厚德生物制品（北京）有限公司,友康厚德生物制品（北京）有限公司,202601150010,APPROVED,生产原料,合格供应商,NK
8#自封袋,DB-ZFD-1725,100个/包,2026-01-06,3.0,16.9,50.7,京东,登比,202601060007,APPROVED,生产原料,临时合格供应商,通用项目
12#自封袋,DB-ZFD-3445,100个/包,2026-01-06,1.0,62.9,62.9,京东,登比,202601060007,APPROVED,生产原料,临时合格供应商,通用项目
一次性无菌注射器,NA,10支/包,2026-01-06,10.0,26.8,268.0,京东,康德莱,202601060007,APPROVED,生产原料,临时合格供应商,通用项目
独立灭菌口罩,M74231718ZH0401,50只/盒，4盒/包,2026-01-06,2.0,79.2,158.4,京东,稳健,202601060007,APPROVED,生产原料,临时合格供应商,通用项目
一次性无菌橡胶手套7.5号,1031,100只/盒,2026-01-06,5.0,89.0,445.0,京东,稳健,202601060007,APPROVED,生产原料,临时合格供应商,通用项目
一次性无菌橡胶手套7号,1030,100只/盒,2026-01-06,5.0,89.0,445.0,京东,稳健,202601060007,APPROVED,生产原料,临时合格供应商,通用项目
执法记录仪,无,无,2026-01-30,1.0,284.05,284.05,京东,无,202601300005,APPROVED,其他,合格供应商,N/A
小米打印机,无,无,2026-01-30,1.0,439.0,439.0,,,202601300005,APPROVED,其他,合格供应商,N/A
宽胶带,无,无,2026-01-30,6.0,28.5,171.0,,,202601300005,APPROVED,其他,合格供应商,N/A
流式检测细胞染色缓冲液,C1711-500ml,500/瓶,2025-12-03,1.0,370.0,370.0,北京中研华誉生物技术有限公司,碧云天,202512030009,APPROVED,其他,合格供应商,科委项目二
受试者责任保险,,,2026-04-10,1.0,9900.0,9900.0,中国太平洋财产保险股份有限公司,,202604100008,APPROVED,其他,临时合格供应商,北京胸科医院IIT项目
免疫细胞修复培养基,NC0102.F,200ml/瓶,2026-01-06,5.0,1542.0,7710.0,友康厚德生物制品（北京）有限公司,友康厚德生物制品（北京）有限公司,202601060006,APPROVED,生产原料,合格供应商,NK
NK细胞无血清培养基,NC0102,1000ml/瓶,2026-01-06,10.0,407.0,4070.0,友康厚德生物制品（北京）有限公司,友康厚德生物制品（北京）有限公司,202601060006,APPROVED,生产原料,合格供应商,NK
超纯NK试剂盒50ml,AN0104.2,NA,2026-01-06,5.0,1494.0,7470.0,友康厚德生物制品（北京）有限公司,友康厚德生物制品（北京）有限公司,202601060006,APPROVED,生产原料,合格供应商,NK
75%酒精,,30瓶/箱,2026-04-16,2.0,162.47,324.94,京东,利尔康,202604160007,APPROVED,生产原料,合格供应商,通用项目
75%酒精棉球,,90粒*2瓶,2026-04-16,10.0,12.86,128.6,京东,海氏海诺,202604160007,APPROVED,生产原料,合格供应商,通用项目
止血钳直头,,把,2026-04-16,2.0,8.2,16.4,京东,弘生,202604160007,APPROVED,生产原料,合格供应商,通用项目
止血钳弯头,,把,2026-04-16,2.0,8.2,16.4,京东,弘生,202604160007,APPROVED,生产原料,合格供应商,通用项目
办公剪刀,,把,2026-04-16,3.0,3.4,10.2,京东,金隆兴,202604160007,APPROVED,生产原料,合格供应商,通用项目
透明暗扣文件袋,,20个/包,2026-04-16,2.0,12.2,24.4,京东,京东,202604160007,APPROVED,生产原料,合格供应商,通用项目
Steady-Glo® Luciferase Assay System,E2510,10ml,2025-09-02,10.0,7520.0,75200.0,北京逸优科技有限公司,普洛麦格（北京）生物技术有限公司,202509020002,APPROVED,其他,合格供应商,LNP制剂研究
"醋酸盐缓冲液,500mL,pH3.5",BWZ8104-2016,"500mL/瓶,pH3.5",2025-09-02,1.0,108.0,108.0,北京林萘生物科技有限公司,伟业计量,202509020002,APPROVED,其他,合格供应商,通用项目
AO/PI染料,N3AP050,5ml/瓶,2026-03-10,2.0,786.0,1572.0,微光智控（北京）科技有限公司,广州牛顿光学研究院有限公司,202603100002,APPROVED,生产原料,合格供应商,通用项目
氧化钬标准液,BW5689,浓度4%  规格100ml,2025-08-04,1.0,120.0,120.0,泉心泉意(上海)生命科技有限公司,河南标准物质研发中心,202508040011,APPROVED,其他,合格供应商,通用项目
"醋酸盐缓冲液,500mL,pH3.5",BWZ8104-2016,"500mL/瓶,pH3.5",2025-08-04,1.0,108.0,108.0,北京林萘生物科技有限公司,伟业计量,202508040011,APPROVED,其他,合格供应商,通用项目
转换器,无,无,2025-03-12,1.0,99.0,99.0,京东,无,202503120008,REJECTED,办公用品,合格供应商,N/A
HDMI高清线,无,无,2025-03-12,3.0,21.9,65.7,京东,无,202503120008,REJECTED,办公用品,合格供应商,N/A
透明胶带,无,无,2025-03-12,5.0,6.5,32.5,京东,无,202503120008,REJECTED,办公用品,合格供应商,N/A
红米电视遥控器,无,无,2025-03-12,2.0,31.2,62.4,京东,无,202503120008,REJECTED,办公用品,合格供应商,N/A
潜水泵,无,无,2025-08-18,1.0,358.2,358.2,京东,无,202508180015,APPROVED,其他,合格供应商,N/A
eGFP LNP,RP-A00016-50,50μg,2025-09-10,2.0,1600.0,3200.0,南京金斯瑞生物科技有限公司,南京金斯瑞生物科技有限公司,202509100008,APPROVED,其他,合格供应商,LNP制剂研究
"醋酸盐缓冲液,500mL,pH3.5",BWZ8104-2016,"500mL/瓶,pH3.5",2025-09-10,1.0,108.0,108.0,北京林萘生物科技有限公司,伟业计量,202509100008,APPROVED,其他,合格供应商,通用项目
25ml移液管,CON-4489,25个/包,2026-03-27,40.0,45.15,1806.0,上海百赛生物技术股份有限公司北京分公司,Corning,202603270016,APPROVED,生产原料,合格供应商,通用项目
50ml移液管,CON-4490,25个/包,2026-03-27,12.0,117.6,1411.2,上海百赛生物技术股份有限公司北京分公司,Corning,202603270016,APPROVED,生产原料,合格供应商,通用项目
5ml移液管,CON-4487,50个/包,2026-03-27,20.0,48.02,960.4,上海百赛生物技术股份有限公司北京分公司,Corning,202603270016,APPROVED,生产原料,合格供应商,通用项目
细胞筛,CON-431750,50个/箱,2026-03-27,2.0,604.7,1209.4,上海百赛生物技术股份有限公司北京分公司,Corning,202603270016,APPROVED,生产原料,合格供应商,通用项目
250ml离心管,TPP-Nunc-376814,40块/箱,2026-03-27,3.0,465.0,1395.0,上海百赛生物技术股份有限公司北京分公司,Nunc,202603270016,APPROVED,生产原料,合格供应商,通用项目
手机,PLAY10T,NA,2026-01-20,1.0,988.65,988.65,京东,荣耀,202601200004,REJECTED,办公用品,合格供应商,通用项目
手机落地三脚架,01-OB-00138,NA,2026-01-20,1.0,19.38,19.38,京东,斯泰克,202601200004,REJECTED,办公用品,合格供应商,通用项目
无纺布大号鞋套,XT-01,200只,2025-07-25,1.0,25.8,25.8,京东,妙馨思,202507250007,APPROVED,其他,合格供应商,N/A
NK 细胞无血清培养基,CT-001-4,1000ml/瓶,2026-05-06,3.0,500.0,1500.0,中科易方国际健康管理（北京）有限公司,三一造血,202605060006,APPROVED,生产原料,合格供应商,脐血NK
NK-v,CT-001-5,100万IU,2026-05-06,5.0,59.0,295.0,中科易方国际健康管理（北京）有限公司,三一造血,202605060006,APPROVED,生产原料,合格供应商,脐血NK
NK 细胞无血清细胞冻存液,RC-070,100mL/瓶,2026-05-06,2.0,900.0,1800.0,中科易方国际健康管理（北京）有限公司,三一造血,202605060006,APPROVED,生产原料,合格供应商,脐血NK
免疫细胞修复培养基,NC0102.F,200ml/瓶,2025-12-01,5.0,1542.0,7710.0,友康厚德生物制品（北京）有限公司,友康厚德生物制品（北京）有限公司,202512010009,APPROVED,生产原料,合格供应商,NK
NK细胞无血清培养基,NC0102,1000ml/瓶,2025-12-01,10.0,407.0,4070.0,友康厚德生物制品（北京）有限公司,友康厚德生物制品（北京）有限公司,202512010009,APPROVED,生产原料,合格供应商,NK
超纯NK试剂盒50ml,AN0104.2,NA,2025-12-01,5.0,1494.0,7470.0,友康厚德生物制品（北京）有限公司,友康厚德生物制品（北京）有限公司,202512010009,APPROVED,生产原料,合格供应商,NK
矿泉水,无,无,2025-07-21,2.0,27.15,54.3,京东,无,202507210014,APPROVED,办公用品,合格供应商,N/A
一次性纸杯,无,无,2025-07-21,3.0,12.9,38.7,京东,无,202507210014,APPROVED,办公用品,合格供应商,N/A
垃圾桶,无,无,2025-07-21,3.0,10.4,31.2,京东,无,202507210014,APPROVED,办公用品,合格供应商,N/A
垃圾袋,无,无,2025-07-21,1.0,8.9,8.9,京东,无,202507210014,APPROVED,办公用品,合格供应商,N/A
A4纸,无,无,2025-07-21,1.0,173.9,173.9,京东,无,202507210014,APPROVED,办公用品,合格供应商,N/A
血清替代物SR,A2596102,500ml/瓶,2025-12-15,1.0,17305.92,17305.92,英潍捷基（上海）贸易有限公司,赛默飞,202512150003,APPROVED,生产原料,合格供应商,通用项目
杜氏磷酸盐缓冲液（DPBS）,14190250,500ml/瓶,2025-12-15,10.0,272.764,2727.64,英潍捷基（上海）贸易有限公司,赛默飞,202512150003,APPROVED,生产原料,合格供应商,通用项目
支原体检测试剂盒,FM301-02,50test,2026-02-13,1.0,2310.0,2310.0,北京全式金生物技术股份有限公司,北京全式金生物技术股份有限公司,202602130005,APPROVED,其他,合格供应商,科委项目二
"醋酸盐缓冲液,500mL,pH3.5",BWZ8104-2016,"500mL/瓶,pH3.5",2026-02-13,1.0,108.0,108.0,北京林萘生物科技有限公司,伟业计量,202602130005,APPROVED,其他,合格供应商,通用项目
甲酸,FZ-0012508-500ml,500ml/瓶,2025-04-25,1.0,380.0,380.0,北京建强伟业科技有限公司,fusion,202504250012,APPROVED,其他,合格供应商,CAD-HPLC仪器租赁服务
门禁控制器,无,无,2025-06-23,1.0,46.17,46.17,京东,无,202506230010,APPROVED,其他,合格供应商,N/A
排风扇,无,无,2025-06-23,1.0,249.9,249.9,,,202506230010,APPROVED,其他,合格供应商,N/A
